Date,GDP by Month,CPI,Brent Oil,Unemployment Rate,VIX,NASDAQ,Retail Sales,PMI,S&P500,Housing Index,PPI,PRIME(M),10YT_Ret(M)
3/31/1949,2107.001,55.99999,-,5,-,-,-,34.5,-,-,26.8,0.02,0.007448
4/30/1949,2104.605333,56.23531,-,5.3,-,-,-,35.5,-,-,26.5,0.02,0.001148
5/31/1949,2102.209667,55.99999,-,6.1,-,-,-,32.6,-,-,26.3,0.02,0.001946
6/30/1949,2099.814,56.23531,-,6.2,-,-,-,31.6,-,-,26,0.02,0.016705
7/31/1949,2107.040333,55.76468,-,6.7,-,-,-,39,-,-,26,0.02,0.003345
8/31/1949,2114.266667,55.99999,-,6.8,-,-,-,47,-,-,26,0.02,0.011111
9/30/1949,2121.493,56.23531,-,6.6,-,-,-,52.3,-,-,26.1,0.02,-0.001145
10/31/1949,2115.558,55.76468,-,7.9,-,-,-,51,-,-,26,0.02,0.001877
11/30/1949,2109.623,55.99999,-,6.4,-,-,-,51,-,-,26,0.02,0.002103
12/31/1949,2103.688,55.52941,-,6.6,-,-,-,57.3,-,-,25.9,0.02,0.005189
1/31/1950,2131.247,55.2941,-,6.5,-,-,-,59.1,17.04999924,-,25.9,0.02,-0.006128
2/28/1950,2158.806,55.2941,-,6.4,-,-,-,60.5,17.21999931,-,26.1,0.02,0.002117
3/31/1950,2186.365,55.52941,-,6.3,-,-,-,62.1,17.29000092,-,26.1,0.02,0.000821
4/30/1950,2208.591667,55.52941,-,5.8,-,-,-,68.1,17.95999908,-,26.1,0.02,0.002998
5/31/1950,2230.818333,55.76468,-,5.5,-,-,-,74.7,18.78000069,-,26.4,0.02,0.003311
6/30/1950,2253.045,55.99999,-,5.4,-,-,-,76.6,17.69000053,-,26.6,0.02,-0.002504
7/31/1950,2282.067333,56.70589,-,5,-,-,-,77.5,17.84000015,-,27.3,0.02,0.005549
8/31/1950,2311.089667,57.17647,-,4.5,-,-,-,75.8,18.42000008,-,27.9,0.02,0.001396
9/30/1950,2340.112,57.41174,-,4.4,-,-,-,68.1,19.45000076,-,28.4,0.0208,-0.007247
10/31/1950,2355.048,57.88236,-,4.2,-,-,-,59.2,19.53000069,-,28.6,0.0225,-0.004774
11/30/1950,2369.984,58.11763,-,4.2,-,-,-,63.1,19.51000023,-,29,0.0225,0.003503
12/31/1950,2384.92,58.82352,-,4.3,-,-,-,67.1,20.43000031,-,29.7,0.0225,0.001623
1/31/1951,2395.717,59.76468,-,3.7,-,-,-,67.8,21.65999985,-,30.5,0.0244,0.005781
2/28/1951,2406.514,60.47057,-,3.4,-,-,-,69.3,21.79999924,-,30.9,0.025,-0.007392
3/31/1951,2417.311,60.70588,-,3.4,-,-,-,65.5,21.47999954,-,30.9,0.025,-0.015735
4/30/1951,2431.272667,60.70588,-,3.1,-,-,-,53.5,22.43000031,-,30.8,0.025,-0.006255
5/31/1951,2445.234333,60.94115,-,3,-,-,-,50.7,21.52000046,-,30.7,0.025,-0.006915
6/30/1951,2459.196,60.94115,-,3.2,-,-,-,45.5,20.95999908,-,30.5,0.025,-0.006161
7/31/1951,2476.090667,60.94115,-,3.1,-,-,-,42.1,22.39999962,-,30.3,0.025,0.013836
8/31/1951,2492.985333,60.94115,-,3.1,-,-,-,43.6,23.28000069,-,30.1,0.025,0.009854
9/30/1951,2509.88,61.41177,-,3.3,-,-,-,48.1,23.26000023,-,30.1,0.025,-0.007957
10/31/1951,2511.722667,61.64704,-,3.5,-,-,-,49.6,22.94000053,-,30.1,0.0262,0.001021
11/30/1951,2513.565333,62.11762,-,3.5,-,-,-,47.2,22.87999916,-,30.1,0.0275,-0.013607
12/31/1951,2515.408,62.35294,-,3.1,-,-,-,46.5,23.77000046,-,30.1,0.0285,-0.006097
1/31/1952,2524.367333,62.35294,-,3.2,-,-,-,44.7,24.13999939,-,30,0.03,0.002818
2/29/1952,2533.326667,61.88236,-,3.1,-,-,-,41.8,23.26000023,-,29.8,0.03,0.001395
3/31/1952,2542.286,61.88236,-,2.9,-,-,-,40,24.37000084,-,29.8,0.03,0.011072
4/30/1952,2544.111333,62.11762,-,2.9,-,-,-,36.7,23.31999969,-,29.6,0.03,0.01707
5/31/1952,2545.936667,62.11762,-,3,-,-,-,39.5,23.86000061,-,29.6,0.03,-0.003354
6/30/1952,2547.762,62.35294,-,3,-,-,-,43.3,24.95999908,-,29.5,0.03,0.000301
7/31/1952,2553.892333,62.82352,-,3.2,-,-,-,48.3,25.39999962,-,29.6,0.03,-0.001969
8/31/1952,2560.022667,62.82352,-,3.4,-,-,-,60.4,25.03000069,-,29.8,0.03,-0.006995
9/30/1952,2566.153,62.82352,-,3.1,-,-,-,56.1,24.54000092,-,29.6,0.03,-0.013009
10/31/1952,2594.245667,62.82352,-,3,-,-,-,56.2,24.52000046,-,29.5,0.03,0.014773
11/30/1952,2622.338333,62.82352,-,2.8,-,-,-,56.8,25.65999985,-,29.3,0.03,-0.001545
12/31/1952,2650.431,62.82352,-,2.7,-,-,-,55.8,26.56999969,-,29.1,0.03,-0.008587
1/31/1953,2666.853667,62.58825,-,2.9,-,-,-,59.4,26.37999916,-,29.1,0.03,0.001177
2/28/1953,2683.276333,62.35294,-,2.6,-,-,-,55.4,25.89999962,-,29.1,0.03,-0.008685
3/31/1953,2699.699,62.58825,-,2.6,-,-,-,50.5,25.29000092,-,29.2,0.03,-0.008818
4/30/1953,2706.654667,62.58825,-,2.7,-,-,-,51.1,24.62000084,-,29,0.0303,-0.010516
5/31/1953,2713.610333,62.82352,-,2.5,-,-,-,48.9,24.54000092,-,29.1,0.0325,-0.014752
6/30/1953,2720.566,63.05883,-,2.5,-,-,-,48.5,24.13999939,-,29,0.0325,0.022258
7/31/1953,2715.463333,63.05883,-,2.6,-,-,-,46.3,24.75,-,29.4,0.0325,0.003935
8/31/1953,2710.360667,63.2941,-,2.7,-,-,-,43.5,23.31999969,-,29.3,0.0325,-0.000755
9/30/1953,2705.258,63.2941,-,2.9,-,-,-,40.2,23.35000038,-,29.4,0.0325,0.029931
10/31/1953,2691.606,63.52941,-,3.1,-,-,-,37.4,24.54000092,-,29.2,0.0325,0.007438
11/30/1953,2677.954,63.2941,-,3.5,-,-,-,36.9,24.76000023,-,29.1,0.0325,-0.004943
12/31/1953,2664.302,63.2941,-,4.5,-,-,-,35.6,24.80999947,-,29.2,0.0325,0.020608
1/31/1954,2660.056667,63.2941,-,4.9,-,-,-,37.4,26.07999992,-,29.4,0.0325,0.018765
2/28/1954,2655.811333,63.2941,-,5.2,-,-,-,40.7,26.14999962,-,29.3,0.0325,0.015827
3/31/1954,2651.566,63.2941,-,5.7,-,-,-,44.7,26.94000053,-,29.3,0.0313,0.007524
4/30/1954,2652.529333,63.05883,-,5.9,-,-,-,47.7,28.26000023,-,29.4,0.03,0.00765
5/31/1954,2653.492667,63.2941,-,5.9,-,-,-,50.1,29.19000053,-,29.4,0.03,-0.013286
6/30/1954,2654.456,63.2941,-,5.6,-,-,-,52.1,29.20999908,-,29.2,0.03,0.011664
7/31/1954,2664.448667,63.2941,-,5.8,-,-,-,51.7,30.87999916,-,29.3,0.03,0.007295
8/31/1954,2674.441333,63.2941,-,6,-,-,-,54.4,29.82999992,-,29.3,0.03,-0.004016
9/30/1954,2684.434,63.05883,-,6.1,-,-,-,53.5,32.31000137,-,29.2,0.03,0.002033
10/31/1954,2701.942667,63.05883,-,5.7,-,-,-,58.2,31.68000031,-,29.1,0.03,0.000128
11/30/1954,2719.451333,63.05883,-,5.3,-,-,-,58.8,34.24000168,-,29.2,0.03,-0.004663
12/31/1954,2736.96,62.82352,-,5,-,-,-,63.8,35.97999954,-,29,0.03,-0.000988
1/31/1955,2763.018,62.82352,-,4.9,-,-,-,63,36.63000107,-,29.2,0.03,-0.013553
2/28/1955,2789.076,62.82352,-,4.7,-,-,-,67.8,36.75999832,-,29.3,0.03,-0.006309
3/31/1955,2815.134,62.82352,-,4.6,-,-,-,67.5,36.58000183,-,29.2,0.03,0.006022
4/30/1955,2830.403333,62.82352,-,4.7,-,-,-,68.7,37.95999908,-,29.3,0.03,-0.003128
5/31/1955,2845.672667,62.82352,-,4.3,-,-,-,69.5,37.90999985,-,29.1,0.03,0.00743
6/30/1955,2860.942,62.82352,-,4.2,-,-,-,63.3,41.02999878,-,29.3,0.03,-0.008185
7/31/1955,2873.820667,63.05883,-,4,-,-,-,66.2,43.52000046,-,29.3,0.03,-0.016745
8/31/1955,2886.699333,63.05883,-,4.2,-,-,-,64.8,43.18000031,-,29.4,0.0323,0.006975
9/30/1955,2899.578,63.2941,-,4.1,-,-,-,62.4,43.66999817,-,29.6,0.0325,0.009997
10/31/1955,2905.380333,63.2941,-,4.3,-,-,-,63.7,42.34000015,-,29.6,0.034,0.010768
11/30/1955,2911.182667,63.2941,-,4.2,-,-,-,62,45.50999832,-,29.5,0.035,-0.010034
12/31/1955,2916.985,63.05883,-,4.2,-,-,-,65.6,45.47999954,-,29.5,0.035,0.001834
1/31/1956,2913.208667,63.05883,-,4,-,-,-,60.2,43.81999969,-,29.7,0.035,0.014414
2/29/1956,2909.432333,63.05883,-,3.9,-,-,-,58.2,45.34000015,-,29.8,0.035,-0.000848
3/31/1956,2905.656,63.05883,-,4.2,-,-,-,57.2,48.47999954,-,29.9,0.035,-0.017169
4/30/1956,2913.659333,63.2941,-,4,-,-,-,55.9,48.38000107,-,30.1,0.0365,-0.003677
5/31/1956,2921.662667,63.52941,-,4.3,-,-,-,51.2,45.20000076,-,30.3,0.0375,0.022974
6/30/1956,2929.666,63.99999,-,4.3,-,-,-,47.7,46.97000122,-,30.3,0.0375,-0.001207
7/31/1956,2928.788667,64.47057,-,4.4,-,-,-,44.2,49.38999939,-,30.2,0.0375,-0.016697
8/31/1956,2927.911333,64.2353,-,4.1,-,-,-,51.5,47.50999832,-,30.4,0.0384,-0.017718
9/30/1956,2927.034,64.47057,-,3.9,-,-,-,55.5,45.34999847,-,30.6,0.04,0.008173
10/31/1956,2943.092333,64.70588,-,3.9,-,-,-,52.7,45.58000183,-,30.6,0.04,-0.007732
11/30/1956,2959.150667,64.70588,-,4.3,-,-,-,55,45.08000183,-,30.7,0.04,-0.009392
12/31/1956,2975.209,64.94115,-,4.2,-,-,-,52.7,46.66999817,-,30.8,0.04,-0.02049
1/31/1957,2981.559,64.94115,-,4.2,-,-,-,53.6,44.72000122,-,31,0.04,0.050519
2/28/1957,2987.909,65.17646,-,3.9,-,-,-,51,43.25999832,-,31,0.04,-0.012056
3/31/1957,2994.259,65.41177,-,3.7,-,-,-,47.5,44.11000061,-,31,0.04,0.009663
4/30/1957,2992.072333,65.64704,-,3.9,-,-,-,43.1,45.74000168,-,31.1,0.04,-0.01541
5/31/1957,2989.885667,65.88235,-,4.1,-,-,-,43.4,47.43000031,-,31,0.04,-0.014337
6/30/1957,2987.699,66.11762,-,4.3,-,-,-,45.9,47.36999893,-,31.1,0.04,-0.019082
7/31/1957,2997.459,66.58824,-,4.2,-,-,-,45.7,47.90999985,-,31.3,0.04,0.007688
8/31/1957,3007.219,66.58824,-,4.1,-,-,-,45.3,45.22000122,-,31.4,0.0442,0.006605
9/30/1957,3016.979,66.58824,-,4.4,-,-,-,45.8,42.41999817,-,31.3,0.045,-0.007513
10/31/1957,3006.577667,66.58824,-,4.5,-,-,-,41.1,41.06000137,-,31.2,0.045,-0.004762
11/30/1957,2996.176333,66.82351,-,5.1,-,-,-,40.4,41.72000122,-,31.3,0.045,0.07438
12/31/1957,2985.775,66.82351,-,5.2,-,-,-,36.8,39.99000168,-,31.4,0.045,0.018652
1/31/1958,2959.943667,67.29409,-,5.8,-,-,-,33.4,41.70000076,-,31.5,0.0434,0.004938
2/28/1958,2934.112333,67.29409,-,6.4,-,-,-,37.2,40.84000015,-,31.5,0.04,0.013958
3/31/1958,2908.281,67.76472,-,6.7,-,-,-,39.8,42.09999847,-,31.7,0.04,0.012658
4/30/1958,2914.652333,67.99998,-,7.4,-,-,-,39.1,43.43999863,-,31.6,0.0383,0.00474
5/31/1958,2921.023667,67.99998,-,7.4,-,-,-,46.6,44.09000015,-,31.7,0.035,0.003998
6/30/1958,2927.395,67.99998,-,7.3,-,-,-,51.4,45.24000168,-,31.6,0.035,-0.019106
7/31/1958,2949.967333,68.2353,-,7.5,-,-,-,54.7,47.18999863,-,31.6,0.035,-0.009653
8/31/1958,2972.539667,67.99998,-,7.4,-,-,-,57.3,47.75,-,31.6,0.035,-0.049865
9/30/1958,2995.112,67.99998,-,7.1,-,-,-,59.8,50.06000137,-,31.6,0.0383,0.001055
10/31/1958,3018.455,67.99998,-,6.7,-,-,-,62.3,51.33000183,-,31.5,0.04,-0.001829
11/30/1958,3041.798,68.2353,-,6.2,-,-,-,62.7,52.47999954,-,31.6,0.04,0.016436
12/31/1958,3065.141,67.99998,-,6.2,-,-,-,60.5,55.20999908,-,31.6,0.04,-0.031056
1/31/1959,3084.753333,68.2353,-,6,-,-,-,64.4,55.45000076,-,31.7,0.04,-0.001218
2/28/1959,3104.365667,67.99998,-,5.9,-,-,-,66.9,55.40999985,-,31.7,0.04,0.014538
3/31/1959,3123.978,67.99998,-,5.6,-,-,-,67.1,55.43999863,-,31.7,0.04,-0.011762
4/30/1959,3147.461667,68.2353,-,5.2,-,-,-,66.9,57.59000015,-,31.8,0.04,-0.018114
5/31/1959,3170.945333,68.2353,-,5.1,-,-,-,68.2,58.68000031,-,31.8,0.0423,0.000859
6/30/1959,3194.429,68.47057,-,5,-,-,-,64.4,58.47000122,-,31.7,0.045,-0.004859
7/31/1959,3195.180333,68.70588,-,5.1,-,-,-,61.5,60.50999832,-,31.7,0.045,0.002523
8/31/1959,3195.931667,68.70588,-,5.2,-,-,-,55.1,59.59999847,-,31.6,0.045,-0.018395
9/30/1959,3196.683,68.94119,-,5.5,-,-,-,48.3,56.88000107,-,31.7,0.05,0.007059
10/31/1959,3199.718667,69.17646,-,5.7,-,-,-,49.7,57.52000046,-,31.6,0.05,0.01787
11/30/1959,3202.754333,69.17646,-,5.8,-,-,-,50.6,58.27999878,-,31.5,0.05,-0.009491
12/31/1959,3205.79,69.17646,-,5.3,-,-,-,58.2,59.88999939,-,31.5,0.05,-0.024037
1/31/1960,3229.809,68.94119,-,5.2,-,-,-,61.5,55.61000061,-,31.6,0.05,0.026651
2/29/1960,3253.828,69.17646,-,4.8,-,-,-,52.3,56.11999893,-,31.6,0.05,0.014736
3/31/1960,3277.847,69.17646,-,5.4,-,-,-,47.8,55.34000015,-,31.8,0.05,0.033964
4/30/1960,3271.957,69.41177,-,5.2,-,-,-,45.3,54.36999893,-,31.8,0.05,-0.013841
5/31/1960,3266.067,69.41177,-,5.1,-,-,-,42.6,55.83000183,-,31.7,0.05,0.018973
6/30/1960,3260.177,69.64704,-,5.4,-,-,-,44.4,56.91999817,-,31.7,0.05,0.015537
7/31/1960,3265.495667,69.64704,-,5.5,-,-,-,43.7,55.50999832,-,31.7,0.05,0.033931
8/31/1960,3270.814333,69.64704,-,5.6,-,-,-,47.6,56.95999908,-,31.6,0.0485,-0.002375
9/30/1960,3276.133,69.64704,-,5.5,-,-,-,45.4,53.52000046,-,31.6,0.045,0.005782
10/31/1960,3262.117667,70.11762,-,6.1,-,-,-,46,53.38999939,-,31.7,0.045,-0.006031
11/30/1960,3248.102333,70.11762,-,6.1,-,-,-,44.3,55.54000092,-,31.7,0.045,-0.018884
12/31/1960,3234.087,70.11762,-,6.6,-,-,-,44.3,58.11000061,-,31.7,0.045,0.029079
1/31/1961,3241.362667,70.11762,-,6.6,-,-,-,43.9,61.77999878,-,31.8,0.045,-0.008035
2/28/1961,3248.638333,70.11762,-,6.9,-,-,-,43.6,63.43999863,-,31.8,0.045,0.016318
3/31/1961,3255.914,70.11762,-,6.9,-,-,-,49.1,65.05999756,-,31.8,0.045,-0.006057
4/30/1961,3274.336333,70.11762,-,7,-,-,-,57.6,65.30999756,-,31.6,0.045,0.012877
5/31/1961,3292.758667,70.11762,-,7.1,-,-,-,58.9,66.55999756,-,31.5,0.045,-0.00099
6/30/1961,3311.181,70.11762,-,6.9,-,-,-,58.1,64.63999939,-,31.3,0.045,-0.013138
7/31/1961,3332.368,70.58824,-,7,-,-,-,58.2,66.76000214,-,31.5,0.045,0.000973
8/31/1961,3353.555,70.35293,-,6.6,-,-,-,60.7,68.06999969,-,31.5,0.045,-0.000447
9/30/1961,3374.742,70.58824,-,6.7,-,-,-,63,66.73000336,-,31.5,0.045,0.009356
10/31/1961,3396.802667,70.58824,-,6.5,-,-,-,62.2,68.62000275,-,31.5,0.045,0.001096
11/30/1961,3418.863333,70.58824,-,6.1,-,-,-,59,71.31999969,-,31.5,0.045,-0.009041
12/31/1961,3440.924,70.58824,-,6,-,-,-,64.2,71.55000305,-,31.6,0.045,-0.00273
1/31/1962,3461.382,70.58824,-,5.8,-,-,-,60.9,68.83999634,-,31.7,0.045,0.001548
2/28/1962,3481.84,70.82351,-,5.5,-,-,-,61.1,69.95999908,-,31.7,0.045,0.01915
3/31/1962,3502.298,70.82351,-,5.6,-,-,-,60.6,69.55000305,-,31.7,0.045,0.01928
4/30/1962,3512.847667,71.05882,-,5.6,-,-,-,55.1,65.23999786,-,31.6,0.045,0.016427
5/31/1962,3523.397333,71.05882,-,5.5,-,-,-,52.2,59.63000107,-,31.5,0.045,-0.005968
6/30/1962,3533.947,71.05882,-,5.5,-,-,-,50.8,54.75,-,31.5,0.045,-0.003513
7/31/1962,3548.418667,71.29409,-,5.4,-,-,-,51,58.22999954,-,31.6,0.045,0.002452
8/31/1962,3562.890333,71.29409,-,5.7,-,-,-,49.5,59.11999893,-,31.6,0.045,0.010808
9/30/1962,3577.362,71.5294,-,5.6,-,-,-,50,56.27000046,-,31.9,0.045,0.005612
10/31/1962,3581.284,71.5294,-,5.4,-,-,-,51.2,56.52000046,-,31.7,0.045,0.005444
11/30/1962,3585.206,71.5294,-,5.7,-,-,-,53.8,62.25999832,-,31.7,0.045,0.004472
12/31/1962,3589.128,71.5294,-,5.5,-,-,-,57.2,63.09999847,-,31.6,0.045,0.009185
1/31/1963,3602.187333,71.5294,-,5.7,-,-,-,55.2,66.19999695,-,31.6,0.045,0.003295
2/28/1963,3615.246667,71.5294,-,5.9,-,-,-,55.1,64.29000092,-,31.5,0.045,-0.002189
3/31/1963,3628.306,71.76471,-,5.7,-,-,-,54.7,66.56999969,-,31.5,0.045,0.002561
4/30/1963,3641.877333,71.76471,-,5.7,-,-,-,57.6,69.80000305,-,31.4,0.045,-0.00071
5/31/1963,3655.448667,71.76471,-,5.9,-,-,-,59.8,70.80000305,-,31.5,0.045,0.003268
6/30/1963,3669.02,71.99998,-,5.6,-,-,-,58.2,69.37000275,-,31.6,0.045,0.002345
7/31/1963,3695.907,72.23529,-,5.6,-,-,-,55.5,69.12999725,-,31.7,0.045,0.003814
8/31/1963,3722.794,72.23529,-,5.4,-,-,-,55.1,72.5,-,31.6,0.045,0.001601
9/30/1963,3749.681,72.23529,-,5.5,-,-,-,56.9,71.69999695,-,31.6,0.045,-0.001738
10/31/1963,3757.875333,72.47056,-,5.5,-,-,-,57.7,74.01000214,-,31.6,0.045,-0.000068
11/30/1963,3766.069667,72.47056,-,5.7,-,-,-,57.5,73.23000336,-,31.7,0.045,0.006321
12/31/1963,3774.264,72.70587,-,5.5,-,-,-,54,75.01999664,-,31.6,0.045,0.001292
1/31/1964,3800.787667,72.70587,-,5.6,-,-,-,57.1,77.04000092,-,31.8,0.045,0.002743
2/29/1964,3827.311333,72.70587,-,5.4,-,-,-,57.9,77.80000305,-,31.6,0.045,0.000557
3/31/1964,3853.835,72.70587,-,5.4,-,-,-,60.2,78.98000336,-,31.6,0.045,0.000713
4/30/1964,3867.821,72.70587,-,5.3,-,-,-,59.2,79.45999908,-,31.6,0.045,0.004515
5/31/1964,3881.807,72.70587,-,5.1,-,-,-,58.7,80.37000275,-,31.5,0.045,0.00616
6/30/1964,3895.793,72.94118,-,5.2,-,-,-,60.1,81.69000244,-,31.5,0.045,0.0069
7/31/1964,3916.081,73.17645,-,4.9,-,-,-,62.9,83.18000031,-,31.6,0.045,0.001993
8/31/1964,3936.369,72.94118,-,5,-,-,-,63.3,81.83000183,-,31.6,0.045,0.001414
9/30/1964,3956.657,73.17645,-,5.1,-,-,-,63.3,84.18000031,-,31.7,0.045,0.005432
10/31/1964,3960.730667,73.17645,-,5.1,-,-,-,60.7,84.86000061,-,31.7,0.045,0.005403
11/30/1964,3964.804333,73.41176,-,4.8,-,-,-,61.8,84.41999817,-,31.7,0.045,0.000166
12/31/1964,3968.878,73.41176,-,5,-,-,-,62.4,84.75,-,31.7,0.045,0.004682
1/31/1965,4000.890333,73.41176,-,4.9,-,-,-,61,87.55999756,-,31.8,0.045,0.00508
2/28/1965,4032.902667,73.41176,-,5.1,-,-,-,62.1,87.43000031,-,31.9,0.045,0.001773
3/31/1965,4064.915,73.64703,-,4.7,-,-,-,64.9,86.16000366,-,31.9,0.045,0.003579
4/30/1965,4082.032333,73.88235,-,4.8,-,-,-,62,89.11000061,-,32,0.045,0.003242
5/31/1965,4099.149667,73.88235,-,4.6,-,-,-,61.3,88.41999817,-,32.1,0.045,0.003308
6/30/1965,4116.267,74.35293,-,4.6,-,-,-,58.7,84.12000275,-,32.4,0.045,0.004833
7/31/1965,4146.772,74.35293,-,4.4,-,-,-,58.1,85.25,-,32.4,0.045,-0.000436
8/31/1965,4177.277,74.35293,-,4.4,-,-,-,58.1,87.16999817,-,32.4,0.045,-0.003378
9/30/1965,4207.782,74.35293,-,4.3,-,-,-,61,89.95999908,-,32.4,0.045,-0.001144
10/31/1965,4240.098333,74.58824,-,4.2,-,-,-,58.6,92.41999817,-,32.5,0.045,-0.003185
11/30/1965,4272.414667,74.58824,-,4.1,-,-,-,59.4,91.61000061,-,32.6,0.045,-0.000925
12/31/1965,4304.731,74.82351,-,4,-,-,-,62.8,92.43000031,-,32.8,0.0492,-0.010073
1/31/1966,4339.66,74.82351,-,4,-,-,-,65.8,92.87999725,-,32.9,0.05,-0.004308
2/28/1966,4374.589,75.29409,-,3.8,-,-,-,65.5,91.22000122,-,33.2,0.05,-0.018393
3/31/1966,4409.518,75.5294,-,3.8,-,-,-,65.7,89.23000336,-,33.2,0.0535,0.030315
4/30/1966,4414.539,75.99998,-,3.8,-,-,-,64.2,91.05999756,-,33.2,0.055,-0.006531
5/31/1966,4419.56,75.99998,-,3.9,-,-,-,57.7,86.12999725,-,33.2,0.055,-0.00156
6/30/1966,4424.581,76.23529,-,3.8,-,-,-,59,84.73999786,-,33.3,0.0552,-0.010467
7/31/1966,4437.071667,76.47056,-,3.8,-,-,-,60.3,83.59999847,-,33.5,0.0575,0.00076
8/31/1966,4449.562333,76.94118,-,3.8,-,-,-,58.5,77.09999847,-,33.6,0.0588,-0.020345
9/30/1966,4462.053,76.94118,-,3.7,-,-,-,58.7,76.55999756,-,33.6,0.06,0.027564
10/31/1966,4474.255333,77.41176,-,3.7,-,-,-,57.2,80.19999695,-,33.4,0.06,0.018052
11/30/1966,4486.457667,77.41176,-,3.6,-,-,-,53.7,80.44999695,-,33.3,0.06,-0.011948
12/31/1966,4498.66,77.41176,-,3.8,-,-,-,52.4,80.33000183,-,33.3,0.06,0.041627
1/31/1967,4511.939333,77.41176,-,3.9,-,-,-,49.1,86.61000061,-,33.4,0.0596,0.016689
2/28/1967,4525.218667,77.41176,-,3.8,-,-,-,47.6,86.77999878,-,33.4,0.0575,-0.018038
3/31/1967,4538.498,77.64703,-,3.8,-,-,-,45.3,90.19999695,-,33.3,0.0571,0.021025
4/30/1967,4539.425333,77.88234,-,3.8,-,-,-,42.8,94.01000214,-,33.1,0.055,-0.024235
5/31/1967,4540.352667,78.11765,-,3.8,-,-,-,44.5,89.08000183,-,33.3,0.055,-0.000111
6/30/1967,4541.28,78.35292,-,3.9,-,-,-,46.8,90.63999939,-,33.5,0.055,-0.022591
7/31/1967,4555.602,78.58823,-,3.8,-,-,-,49.5,94.75,-,33.5,0.055,0.002388
8/31/1967,4569.924,78.8235,-,3.8,-,-,-,52.2,93.63999939,-,33.4,0.055,-0.005861
9/30/1967,4584.246,79.05881,-,3.8,-,-,-,54.9,96.70999908,-,33.4,0.055,-0.001377
10/31/1967,4595.768,79.29413,-,4,-,-,-,54.1,93.30000305,-,33.4,0.055,-0.019336
11/30/1967,4607.29,79.52939,-,3.9,-,-,-,54.2,94,-,33.4,0.0568,-0.00775
12/31/1967,4618.812,79.76471,-,3.8,-,-,-,55.6,96.47000122,-,33.7,0.06,0.005826
1/31/1968,4650.212333,80.23529,-,3.7,-,-,-,56.6,92.23999786,-,33.8,0.06,0.025016
2/29/1968,4681.612667,80.4706,-,3.8,-,-,-,55,89.36000061,-,34,0.06,0.00286
3/31/1968,4713.013,80.70587,-,3.7,-,-,-,53.8,90.19999695,-,34.1,0.06,-0.022144
4/30/1968,4739.261333,80.94118,-,3.5,-,-,-,58,97.45999908,-,34.1,0.062,0.016581
5/31/1968,4765.509667,81.17645,-,3.5,-,-,-,55.3,98.68000031,-,34.2,0.065,-0.011209
6/30/1968,4791.758,81.64703,-,3.7,-,-,-,53.5,99.58000183,-,34.2,0.065,0.03421
7/31/1968,4804.136,82.11765,-,3.7,-,-,-,54.1,97.73999786,-,34.3,0.065,0.027353
8/31/1968,4816.514,82.35292,-,3.5,-,-,-,52.7,98.86000061,-,34.2,0.065,0.000169
9/30/1968,4828.892,82.58823,-,3.4,-,-,-,51.8,102.6699982,-,34.4,0.0645,-0.001128
10/31/1968,4835.223,83.05881,-,3.4,-,-,-,55.8,103.4100037,-,34.4,0.0625,-0.008152
11/30/1968,4841.554,83.29412,-,3.4,-,-,-,58.1,108.3700027,-,34.5,0.0625,-0.016254
12/31/1968,4847.885,83.52939,-,3.4,-,-,-,56.1,103.8600006,-,34.6,0.066,-0.021185
1/31/1969,4873.176667,83.7647,-,3.4,-,-,-,54.9,103.0100021,-,34.8,0.0695,-0.000448
2/28/1969,4898.468333,84.23528,-,3.4,-,-,-,57,98.12999725,-,35,0.07,-0.005953
3/31/1969,4923.76,84.94117,-,3.4,-,-,-,57.1,101.5100021,-,35.2,0.0724,-0.002312
4/30/1969,4928.749333,85.41175,-,3.4,-,-,-,55.2,103.6900024,-,35.3,0.075,0.034822
5/31/1969,4933.738667,85.64707,-,3.4,-,-,-,56.7,103.4599991,-,35.5,0.075,-0.027805
6/30/1969,4938.728,86.11765,-,3.5,-,-,-,55.5,97.70999908,-,35.7,0.0823,-0.0063
7/31/1969,4949.601667,86.58823,-,3.5,-,-,-,53.1,91.83000183,-,35.8,0.085,0.000365
8/31/1969,4960.475333,87.05881,-,3.5,-,-,-,54.8,95.51000214,-,35.7,0.085,-0.003733
9/30/1969,4971.349,87.29412,-,3.7,-,-,-,54.1,93.12000275,-,35.8,0.085,-0.040983
10/31/1969,4963.267333,87.7647,-,3.7,-,-,-,54.6,97.12000275,-,35.9,0.085,0.045144
11/30/1969,4955.185667,88.23528,-,3.5,-,-,-,53.2,93.80999756,-,36.1,0.085,-0.025835
12/31/1969,4947.104,88.70586,-,3.5,-,-,-,52,92.05999756,-,36.3,0.085,-0.049838
1/31/1970,4944.655667,88.94117,-,3.9,-,-,-,48.7,85.01999664,-,36.5,0.085,0.028827
2/28/1970,4942.207333,89.41175,-,4.2,-,-,-,47.4,89.5,-,36.7,0.085,0.067886
3/31/1970,4939.759,89.88233,-,4.4,-,-,-,46.9,89.62999725,-,36.7,0.0839,-0.000269
4/30/1970,4942.096,90.58822,-,4.6,-,-,-,45,81.51999664,-,36.8,0.08,-0.050871
5/31/1970,4944.433,90.82353,-,4.8,-,-,-,47.2,76.55000305,-,36.8,0.08,-0.006522
6/30/1970,4946.77,91.29412,-,4.9,-,-,-,51.1,72.72000122,-,36.9,0.08,0.021395
7/31/1970,4961.965667,91.7647,-,5,-,-,-,49.5,78.05000305,-,37.1,0.08,0.029294
8/31/1970,4977.161333,91.7647,-,5.1,-,-,-,47.3,81.51999664,-,36.9,0.08,-0.009523
9/30/1970,4992.357,92.23528,-,5.4,-,-,-,44.1,84.30000305,-,37.1,0.0783,0.021787
10/31/1970,4974.523667,92.70586,-,5.5,-,-,-,42.4,83.25,-,37.1,0.075,0.002139
11/30/1970,4956.690333,93.17648,-,5.9,-,-,-,39.7,87.19999695,-,37.1,0.0728,0.073034
12/31/1970,4938.857,93.64706,-,6.1,-,-,-,45.4,92.15000153,-,37.1,0.0692,0.003009
1/31/1971,4983.57,93.64706,-,5.9,-,-,-,47.9,95.87999725,-,37.3,0.0629,0.044649
2/28/1971,5028.283,93.88233,-,5.9,-,-,-,54.8,96.75,-,37.7,0.0588,-0.000506
3/31/1971,5072.996,94.11764,-,6,-,-,-,51.2,100.3099976,-,37.8,0.0544,0.059129
4/30/1971,5082.146333,94.35291,-,5.9,-,-,-,54.5,103.9499969,-,37.9,0.0528,-0.037425
5/31/1971,5091.296667,94.82353,-,5.9,-,-,-,54.2,99.62999725,-,38.1,0.0546,-0.021313
6/30/1971,5100.447,95.52938,-,5.9,-,-,-,53.8,98.69999695,-,38.2,0.055,-0.012386
7/31/1971,5114.438667,95.76469,-,6,-,-,-,54.4,95.58000183,-,38.3,0.0591,0.008733
8/31/1971,5128.430333,96,-,6.1,-,-,-,53.6,99.02999878,-,38.5,0.06,0.046098
9/30/1971,5142.422,96,-,6,-,-,-,55.1,98.33999634,-,38.3,0.06,0.02794
10/31/1971,5146.463667,96.23527,-,5.8,-,-,-,55,94.23000336,-,38.3,0.059,0.014894
11/30/1971,5150.505333,96.23527,-,6,-,-,-,52.3,93.98999786,-,38.3,0.0553,0.01008
12/31/1971,5154.547,96.70585,-,6,-,-,-,57.6,102.0899963,-,38.6,0.0549,0.000245
1/31/1972,5186.143667,96.70585,-,5.8,-,-,-,59.6,103.9400024,-,38.8,0.0518,-0.009879
2/29/1972,5217.740333,97.17648,-,5.7,-,-,-,60.6,106.5699997,-,39.2,0.0475,0.002768
3/31/1972,5249.337,97.41174,-,5.8,-,-,-,59.8,107.1999969,-,39.2,0.0475,0.000559
4/30/1972,5289.053,97.64706,-,5.7,-,-,-,59.3,107.6699982,-,39.3,0.0497,0.009324
5/31/1972,5328.769,97.88232,-,5.7,-,-,-,61.4,109.5299988,-,39.5,0.05,0.006258
6/30/1972,5368.485,98.11764,-,5.7,-,-,-,58.6,107.1399994,-,39.7,0.0504,-0.00127
7/31/1972,5385.384667,98.58822,-,5.6,-,-,-,60.1,107.3899994,-,40,0.0525,0.00376
8/31/1972,5402.284333,98.82353,-,5.6,-,-,-,61.7,111.0899963,-,40.1,0.0527,-0.004457
9/30/1972,5419.184,99.0588,-,5.5,-,-,-,65.1,110.5500031,-,40.2,0.055,0.000651
10/31/1972,5449.431333,99.52938,-,5.6,-,-,-,67,111.5800018,-,40.1,0.0573,0.018053
11/30/1972,5479.678667,99.76469,-,5.3,-,-,-,69.9,116.6699982,-,40.3,0.0575,0.014573
12/31/1972,5509.926,100,-,5.2,-,-,-,70.5,118.0500031,-,41.1,0.0579,-0.001517
1/31/1973,5555.379333,100.2353,-,4.9,-,-,-,72.1,116.0299988,-,41.6,0.06,-0.004846
2/28/1973,5600.832667,100.9412,-,5,-,-,-,69.6,111.6800003,-,42.4,0.0602,-0.004451
3/31/1973,5646.286,101.8823,-,4.9,-,-,-,69.6,111.5199966,-,43.4,0.063,0.006724
4/30/1973,5666.775667,102.5882,-,5,-,-,-,67.7,106.9700012,-,43.6,0.0661,0.008776
5/31/1973,5687.265333,103.2941,-,4.9,-,-,-,64.8,104.9499969,-,44.5,0.0701,-0.010302
6/30/1973,5707.755,104,-,4.9,-,-,-,65,104.2600021,-,45.5,0.0749,0.004589
7/31/1973,5697.749333,104.2353,-,4.8,-,-,-,57.8,108.2200012,-,44.9,0.083,-0.030567
8/31/1973,5687.743667,106.1176,-,4.8,-,-,-,62.7,104.25,-,47.5,0.0923,0.026063
9/30/1973,5677.738,106.3529,-,4.8,-,-,-,63.5,108.4300003,-,46.7,0.0986,0.032945
10/31/1973,5695.702667,107.2941,-,4.6,-,-,-,66.2,108.2900009,-,46.3,0.0994,0.011631
11/30/1973,5713.667333,108,-,4.8,-,-,-,68.1,95.95999908,-,46.5,0.0975,0.005902
12/31/1973,5731.632,108.7059,-,4.9,-,-,-,63.6,97.55000305,-,47.4,0.0975,-0.004666
1/31/1974,5715.205667,109.647,-,5.1,-,-,-,62.1,96.56999969,-,49,0.0973,-0.003422
2/28/1974,5698.779333,111.0588,-,5.2,-,-,-,58.6,96.22000122,-,50,0.0921,0.013221
3/31/1974,5682.353,112.4706,-,5.1,-,-,-,61.8,93.98000336,-,50.6,0.0885,-0.016721
4/30/1974,5686.855,112.9412,-,5.1,-,-,-,59.9,90.30999756,-,51,0.1002,-0.021058
5/31/1974,5691.357,114.3529,-,5.1,-,-,-,55.7,87.27999878,-,51.8,0.1125,0.013945
6/30/1974,5695.859,115.2941,-,5.4,-,-,-,54.7,86,-,52,0.1154,-0.004053
7/31/1974,5677.914333,116.2353,-,5.5,-,-,-,54.8,79.30999756,-,54,0.1197,-0.013122
8/31/1974,5659.969667,117.647,-,5.5,-,-,-,52.9,72.15000153,-,55.9,0.12,-0.009864
9/30/1974,5642.025,119.0588,-,5.9,-,-,-,46.2,63.54000092,-,55.9,0.12,0.030076
10/31/1974,5634.725333,120.2353,-,6,-,-,-,42.7,73.90000153,-,56.9,0.1168,0.034682
11/30/1974,5627.425667,121.1765,-,6.6,-,-,-,37.9,69.97000122,-,57.4,0.1083,0.023214
12/31/1974,5620.126,122.1176,-,7.2,-,-,-,30.9,68.55999756,-,57.3,0.105,0.012866
1/31/1975,5597.321667,122.5882,-,8.1,-,-,-,30.7,76.98000336,-,57.4,0.1005,0.008689
2/28/1975,5574.517333,123.5294,-,8.1,-,-,-,34.4,81.58999634,-,57.2,0.0896,0.010027
3/31/1975,5551.713,124,-,8.6,-,-,-,31.6,83.36000061,-,56.9,0.0793,-0.003413
4/30/1975,5564.936,124.4706,-,8.8,-,-,-,37.5,87.30000305,-,57.5,0.075,-0.00918
5/31/1975,5578.159,125.1765,-,9,-,-,-,41.2,91.15000153,-,57.9,0.074,0.006045
6/30/1975,5591.382,126.1176,-,8.8,-,-,-,45.1,95.19000244,-,58,0.0707,0.001547
7/31/1975,5623.283667,127.5294,-,8.6,-,-,-,47.2,88.75,-,58.7,0.0715,-0.00188
8/31/1975,5655.185333,127.7647,-,8.4,-,-,-,51.4,86.87999725,-,59,0.0766,-0.006365
9/30/1975,5687.087,128.4706,-,8.4,-,-,-,54.4,83.87000275,-,59.4,0.0788,-0.02726
10/31/1975,5712.613,129.1764,-,8.4,-,-,-,55.5,89.04000092,-,59.8,0.0796,0.017218
11/30/1975,5738.139,130.1176,-,8.3,-,-,-,54.5,91.23999786,-,59.5,0.0753,0.01151
12/31/1975,5763.665,130.5882,-,8.2,-,-,-,54.9,90.19000244,-,59.7,0.0726,0.032763
1/31/1976,5806.868667,130.8235,-,7.9,-,-,-,58.8,100.8600006,-,59.9,0.07,0.035314
2/29/1976,5850.072333,131.2941,-,7.7,-,-,-,61.5,99.70999908,-,59.9,0.0675,-0.000308
3/31/1976,5893.276,131.5294,-,7.6,-,-,-,58.4,102.7699966,-,60,0.0675,0.003931
4/30/1976,5907.689,132,-,7.7,-,-,-,60.6,101.6399994,-,60.6,0.0675,-0.00261
5/31/1976,5922.102,132.9412,-,7.4,-,-,-,58.8,100.1800003,-,60.8,0.0675,-0.000333
6/30/1976,5936.515,133.647,-,7.6,-,-,-,58.2,104.2799988,-,61.2,0.072,0.014614
7/31/1976,5947.373,134.3529,-,7.8,-,-,-,55.9,103.4400024,-,61.6,0.0725,0.006041
8/31/1976,5958.231,135.0588,-,7.8,-,-,-,54.5,102.9100037,-,61.4,0.0701,0.009166
9/30/1976,5969.089,135.5294,-,7.6,-,-,-,53.6,105.2399979,-,61.8,0.07,0.021487
10/31/1976,5983.511333,136.2353,-,7.7,-,-,-,53.5,102.9000015,-,61.9,0.0677,0.01823
11/30/1976,5997.933667,136.4706,-,7.8,-,-,-,51.7,102.0999985,-,62,0.065,0.024274
12/31/1976,6012.356,136.9412,-,7.8,-,-,-,56.6,107.4599991,-,62.5,0.0635,0.03799
1/31/1977,6036.034333,137.647,-,7.5,-,-,-,54.8,102.0299988,-,62.8,0.0625,-0.026079
2/28/1977,6059.712667,139.0588,-,7.6,-,-,-,55,99.81999969,-,63.5,0.0625,0.004235
3/31/1977,6083.391,140,-,7.4,-,-,-,58.4,98.41999817,-,64.1,0.0625,0.000251
4/30/1977,6122.813667,141.1764,-,7.2,-,-,-,56.9,98.44000244,-,64.9,0.0625,-0.00458
5/31/1977,6162.236333,141.8823,-,7,-,-,-,59.7,96.12000275,-,65.2,0.0641,-0.002193
6/30/1977,6201.659,142.8235,-,7.2,-,-,-,56.8,100.4800034,-,65,0.0675,0.013981
7/31/1977,6238.959,143.5294,-,6.9,-,-,-,57.7,98.84999847,-,65.1,0.0675,-0.004943
8/31/1977,6276.259,144,-,7,-,-,-,54.9,96.76999664,-,65,0.0683,0.011749
9/30/1977,6313.559,144.4706,-,6.8,-,-,-,53.9,96.52999878,-,65.3,0.0713,0.001862
10/31/1977,6313.605,144.9412,-,6.8,-,-,-,55.4,92.33999634,-,65.6,0.0752,-0.003637
11/30/1977,6313.651,145.6471,-,6.8,-,-,-,56.1,94.83000183,-,65.8,0.0775,0.007351
12/31/1977,6313.697,146.1176,-,6.4,-,-,-,59.8,95.09999847,-,66.2,0.0775,-0.009835
1/31/1978,6320.414,147.0588,-,6.4,-,-,-,57.4,89.25,-,66.8,0.0793,-0.00326
2/28/1978,6327.131,148,-,6.3,-,-,-,55.9,87.04000092,-,67.5,0.08,-0.00004
3/31/1978,6333.848,149.1764,-,6.3,-,-,-,55,89.20999908,-,68.1,0.08,-0.000347
4/30/1978,6415.433667,150.3529,-,6.1,-,-,-,57.7,96.83000183,-,69,0.08,0.000901
5/31/1978,6497.019333,151.7647,-,6,-,-,-,60.2,97.23999786,-,69.5,0.0827,-0.005934
6/30/1978,6578.605,153.4117,-,5.9,-,-,-,60.5,95.52999878,-,70,0.0863,-0.006447
7/31/1978,6600.654667,154.5882,-,6.2,-,-,-,62.2,100.6800003,-,70.4,0.09,0.011799
8/31/1978,6622.704333,155.2941,-,5.9,-,-,-,60.3,103.2900009,-,70.4,0.0901,0.017925
9/30/1978,6644.754,156.4706,-,6,-,-,-,60.5,102.5400009,-,71,0.0941,-0.003752
10/31/1978,6674.525667,157.8823,-,5.8,-,-,-,60.1,93.15000153,-,71.8,0.0994,-0.017924
11/30/1978,6704.297333,158.5882,-,5.9,-,-,-,61.3,94.69999695,-,72.1,0.1094,0.014056
12/31/1978,6734.069,159.2941,-,6,-,-,-,59.4,96.11000061,-,72.7,0.1155,-0.012092
1/31/1979,6738.104667,160.7058,-,5.9,-,-,-,58.5,99.93000031,-,73.8,0.1175,0.022064
2/28/1979,6742.140333,162.5882,-,5.9,-,-,-,58.2,96.27999878,-,74.9,0.1175,-0.007248
3/31/1979,6746.176,164.2353,-,5.8,-,-,-,57.7,101.5899963,-,75.8,0.1175,0.011324
4/30/1979,6748.580333,166.1176,-,5.8,-,-,-,56.2,101.7600021,-,76.9,0.1175,-0.006811
5/31/1979,6750.984667,168.2353,-,5.6,-,-,-,54.4,99.08000183,-,77.5,0.1175,0.026087
6/30/1979,6753.389,170.1176,-,5.7,-,-,-,52.7,102.9100037,-,78,0.1165,0.023457
7/31/1979,6770.112,172,-,5.7,-,-,-,51.3,103.8099976,-,79.2,0.1154,-0.005183
8/31/1979,6786.835,173.647,-,6,-,-,-,49.5,109.3199997,-,79.6,0.1191,-0.00666
9/30/1979,6803.558,175.5294,-,5.9,-,-,-,49.6,109.3199997,-,80.9,0.129,-0.005007
10/31/1979,6809.229333,176.9411,-,6,-,-,-,49,101.8199997,-,82.1,0.1439,-0.066717
11/30/1979,6814.900667,178.5882,-,5.9,-,-,-,48,106.1600037,-,82.6,0.1555,0.048044
12/31/1979,6820.572,180.4706,-,6,-,-,-,44.8,107.9400024,-,83.4,0.153,0.011951
1/31/1980,6827.722667,183.0588,-,6.3,-,-,-,46.2,114.1600037,-,85.2,0.1525,-0.037477
2/29/1980,6834.873333,185.647,-,6.3,-,-,-,50.2,113.6600037,-,86.9,0.1563,-0.050507
3/31/1980,6842.024,188.4705,-,6.3,-,-,-,43.6,102.0899963,-,87.5,0.1831,0.048345
4/30/1980,6795.031333,190.5882,-,6.9,-,-,-,37.4,106.2900009,-,87.8,0.1977,0.084375
5/31/1980,6748.038667,192.4705,-,7.5,-,-,-,29.4,111.2399979,-,88.3,0.1657,0.038482
6/30/1980,6701.046,194.5882,-,7.6,-,-,-,30.3,114.2399979,-,88.7,0.1263,0.029314
7/31/1980,6698.391333,194.5882,-,7.8,-,-,-,35,121.6699982,-,90.3,0.1148,-0.042687
8/31/1980,6695.736667,196,-,7.7,-,-,-,45.5,122.3799973,-,91.5,0.1112,-0.02764
9/30/1980,6693.082,197.647,-,7.5,-,-,-,50.1,125.4599991,-,91.7,0.1223,-0.007206
10/31/1980,6734.689,199.5294,-,7.5,-,-,-,55.5,127.4700012,-,92.8,0.1379,-0.023339
11/30/1980,6776.296,201.1764,-,7.5,-,-,-,58.2,140.5200043,-,93.2,0.1606,0.00948
12/31/1980,6817.903,203.0588,-,7.2,-,-,-,53,135.7599945,-,93.8,0.2035,0.027544
1/31/1981,6862.433667,204.7058,-,7.5,-,-,-,49.2,129.5500031,-,95.2,0.2016,-0.004032
2/28/1981,6906.964333,206.8235,-,7.4,-,-,-,48.8,131.2700043,-,96.1,0.1943,-0.02898
3/31/1981,6951.495,208.2353,-,7.4,-,-,-,49.6,136,-,97,0.1805,0.027672
4/30/1981,6934.323333,209.647,-,7.2,-,-,-,51.6,132.8099976,-,98,0.1715,-0.03825
5/31/1981,6917.151667,211.2941,-,7.5,-,-,-,53.5,132.5899963,-,98.3,0.1961,0.045241
6/30/1981,6899.98,213.1765,-,7.5,-,-,-,50.7,131.2100067,-,98.5,0.2003,-0.006976
7/31/1981,6927.523,215.5294,-,7.2,-,-,-,46.7,130.9199982,-,99,0.2039,-0.028486
8/31/1981,6955.066,217.1765,-,7.4,-,-,-,48.3,122.7900009,-,99,0.205,-0.022596
9/30/1981,6982.609,219.2941,-,7.6,-,-,-,42.5,116.1800003,-,98.8,0.2008,-0.008044
10/31/1981,6957.249,219.7647,-,7.9,-,-,-,40,121.8899994,-,98.9,0.1845,0.074287
11/30/1981,6931.889,220.4706,-,8.3,-,-,-,36.1,126.3499985,-,98.8,0.1684,0.084518
12/31/1981,6906.529,221.1765,-,8.5,-,-,-,37.8,122.5500031,-,98.8,0.1575,-0.032776
1/31/1982,6870.763667,221.8823,-,8.6,-,-,-,38.2,120.4000015,-,99.7,0.1575,0.002885
2/28/1982,6834.998333,222.5882,-,8.9,-,-,-,38.3,113.1100006,-,99.8,0.1656,0.019096
3/31/1982,6799.233,222.3529,-,9,-,-,-,36.8,111.9599991,-,99.6,0.165,0.00563
4/30/1982,6809.572333,223.2941,-,9.3,-,-,-,37.8,116.4400024,-,99.6,0.165,0.026933
5/31/1982,6819.911667,225.4117,-,9.4,-,-,-,35.5,111.8799973,-,99.8,0.165,0.020608
6/30/1982,6830.251,228.2352,-,9.6,-,-,-,38.3,109.6100006,-,100,0.165,-0.024989
7/31/1982,6821.547,229.4117,-,9.8,-,-,-,38.4,107.0899963,-,100.4,0.1626,0.041457
8/31/1982,6812.843,229.8823,-,9.8,-,-,-,38.3,119.5100021,-,100.3,0.1439,0.076073
9/30/1982,6804.139,230.3529,-,10.1,-,-,-,38.8,120.4199982,-,100,0.135,0.039536
10/31/1982,6805.045,231.0588,-,10.4,-,-,-,39.4,133.7200012,-,100.2,0.1252,0.099993
11/30/1982,6805.951,230.5882,-,10.8,-,-,-,39.2,138.5299988,-,100.3,0.1185,-0.010138
12/31/1982,6806.857,229.647,-,10.8,-,-,-,42.8,140.6399994,-,100.5,0.115,0.036299
1/31/1983,6836.758333,230.1176,-,10.4,-,-,-,46,145.3000031,-,100.2,0.1116,-0.020403
2/28/1983,6866.659667,230.3529,-,10.4,-,-,-,54.4,148.0599976,-,100.5,0.1098,0.042297
3/31/1983,6896.561,230.3529,-,10.3,-,-,-,53.9,152.9600067,-,100.4,0.105,-0.011169
4/30/1983,6948.874,232,-,10.2,-,-,-,54.2,164.4299927,-,100.4,0.105,0.030024
5/31/1983,7001.187,233.4117,-,10.1,-,-,-,56.1,162.3899994,-,100.8,0.105,-0.02976
6/30/1983,7053.5,234.1176,-,10.1,-,-,-,57.5,167.6399994,-,101,0.105,0.000782
7/31/1983,7100.501333,235.0588,-,9.4,-,-,-,63.6,162.5599976,-,101.3,0.105,-0.044003
8/31/1983,7147.502667,235.7647,-,9.5,-,-,-,63.1,164.3999939,-,101.8,0.1089,0.012783
9/30/1983,7194.504,236.9411,-,9.2,-,-,-,62.5,166.0700073,-,102,0.11,0.042486
10/31/1983,7244.535,237.647,-,8.8,-,-,-,64.4,163.5500031,-,102.2,0.11,-0.010992
11/30/1983,7294.566,238.1176,-,8.5,-,-,-,66,166.3999939,-,102.1,0.11,0.016129
12/31/1983,7344.597,238.3529,-,8.3,-,-,-,69.9,164.9299927,-,102.3,0.11,-0.000312
1/31/1984,7392.453667,239.7647,-,8,-,-,-,60.5,163.4100037,-,102.9,0.11,0.017865
2/29/1984,7440.310333,240.9411,-,7.8,-,-,-,61.3,157.0599976,-,103.2,0.11,-0.013392
3/31/1984,7488.167,241.4117,-,7.8,-,-,-,58.9,159.1799927,-,103.9,0.1121,-0.02108
4/30/1984,7531.293667,242.5882,-,7.7,-,-,-,61,160.0500031,-,104,0.1193,-0.005156
5/31/1984,7574.420333,243.2941,-,7.4,-,-,-,58.6,150.5500031,-,104.1,0.1239,-0.05056
6/30/1984,7617.547,244,-,7.2,-,-,-,58.1,153.1799927,-,104,0.126,0.014941
7/31/1984,7642.026333,244.9411,-,7.5,-,-,-,56.1,150.6600037,-,104.2,0.13,0.064574
8/31/1984,7666.505667,245.8823,-,7.5,-,-,-,53,166.6799927,-,103.8,0.13,0.014129
9/30/1984,7690.985,247.0588,-,7.3,-,-,-,50,166.1000061,-,103.4,0.1297,0.027822
10/31/1984,7712.029,247.7647,-,7.4,-,-,-,50.8,166.0899963,-,103.4,0.1258,0.053938
11/30/1984,7733.073,247.7647,-,7.2,-,-,-,50.3,163.5800018,-,103.7,0.1177,0.018128
12/31/1984,7754.117,247.7647,-,7.3,-,278.700012,-,50.6,167.2400055,-,103.5,0.1106,0.008761
1/31/1985,7779.164667,248.2353,-,7.3,-,284.200012,-,50.3,179.6300049,50,103.4,0.1061,0.033176
2/28/1985,7804.212333,249.4117,-,7.2,-,279.200012,-,49.9,181.1799927,58,103.3,0.105,-0.034553
3/31/1985,7829.26,250.3529,-,7.2,-,280.600006,-,47.8,180.6600037,54,103.1,0.105,0.024852
4/30/1985,7852.238,251.5294,-,7.3,-,290.799988,-,48.2,179.8300018,49,103.3,0.105,0.023987
5/31/1985,7875.216,252.4705,-,7.2,-,296.200012,-,47.1,189.5500031,51,103.5,0.1031,0.067834
6/30/1985,7898.194,253.1764,-,7.4,-,301.299988,-,47.8,191.8500061,54,103.3,0.0978,0.009799
7/31/1985,7938.399,253.647,-,7.4,-,297.700012,-,47.9,190.9199982,58,103.2,0.095,-0.009508
8/31/1985,7978.604,254.1176,-,7.1,-,280.299988,-,47.7,188.6300049,58,102.7,0.095,0.025767
9/30/1985,8018.809,254.8235,-,7.1,-,292.5,-,49.9,182.0800018,56,102.1,0.095,0.004798
10/31/1985,8038.677667,255.7647,-,7.1,-,314,-,50.9,189.8200073,59,102.9,0.095,0.026404
11/30/1985,8058.546333,256.4705,-,7,-,324.899994,-,52,202.1699982,58,103.4,0.095,0.027978
12/31/1985,8078.415,257.1764,-,7,-,335.799988,-,50.7,211.2799988,57,103.6,0.095,0.046272
1/31/1986,8103.553,257.8823,-,6.7,-,359.5,-,51.2,211.7799988,57,103.2,0.095,0.003898
2/28/1986,8128.691,257.1764,-,7.2,-,374.700012,-,51,226.9199982,55,101.7,0.095,0.064801
3/31/1986,8153.829,256,-,7.2,-,383.200012,-,51,238.8999939,57,100.3,0.091,0.057311
4/30/1986,8166.07,255.5294,-,7.1,-,400.200012,-,49.7,235.5200043,62,99.6,0.0883,0.006599
5/31/1986,8178.311,256.2353,-,7.2,-,405.5,-,53.4,247.3500061,64,100,0.085,-0.038012
6/30/1986,8190.552,257.647,-,7.2,-,371.399994,-,50.5,250.8399963,65,99.9,0.085,0.056067
7/31/1986,8216.679667,257.647,-,7,-,382.899994,-,48,236.1199951,59,99.4,0.0816,0.006758
8/31/1986,8242.807333,258.1176,-,6.9,-,350.700012,-,52.6,252.9299927,55,99.3,0.079,0.033625
9/30/1986,8268.935,259.2941,-,7,-,360.799988,-,52.4,231.3200073,57,99.4,0.075,-0.02745
10/31/1986,8283.736,259.5294,-,7,-,359.600006,-,51.2,243.9799957,64,99.7,0.075,0.014308
11/30/1986,8298.537,259.7647,-,6.9,-,348.799988,-,51.2,249.2200012,59,99.8,0.075,0.012064
12/31/1986,8313.338,259.9999,-,6.6,-,392.100006,-,50.5,242.1699982,64,99.7,0.075,0.000974
1/31/1987,8333.983333,261.647,-,6.6,-,425,-,54.9,274.0799866,63,100.5,0.075,0.00996
2/28/1987,8354.628667,262.5882,-,6.6,-,430.100006,-,52.6,284.2000122,60,101,0.075,0.004267
3/31/1987,8375.274,263.7647,-,6.6,-,417.799988,-,55,291.7000122,60,101.2,0.075,-0.014472
4/30/1987,8405.392667,265.1764,-,6.3,-,416.5,-,55.5,288.3599854,59,101.9,0.0775,-0.038271
5/31/1987,8435.511333,266.1176,-,6.3,-,424.700012,-,57.2,290.1000061,55,102.6,0.0814,-0.014005
6/30/1987,8465.63,267.0588,-,6.2,-,434.899994,-,57.4,304,56,103,0.0825,0.014514
7/31/1987,8490.111667,267.7647,-,6.1,-,455,-,57.5,318.6600037,55,103.5,0.0825,-0.01076
8/31/1987,8514.593333,269.1764,-,6,-,444.299988,-,59.3,329.7999878,54,103.8,0.0825,-0.016456
9/30/1987,8539.075,270.5882,-,5.9,-,323.299988,-,60,321.8299866,52,103.7,0.087,-0.032366
10/31/1987,8587.948,271.2941,-,6,-,305.200012,-,60.7,251.7899933,50,104.1,0.0907,0.056846
11/30/1987,8636.821,271.5294,-,5.8,-,330.5,-,58.8,230.3000031,56,104.2,0.0878,-0.003664
12/31/1987,8685.694,271.5294,-,5.7,-,344.700012,-,61,247.0800018,51,104.2,0.0875,0.018248
1/31/1988,8700.652333,272.2353,-,5.7,-,367,-,57.5,257.0700073,53,104.6,0.0875,0.044235
2/29/1988,8715.610667,272.9411,-,5.7,-,374.600006,-,56.2,267.8200073,51,104.8,0.0851,0.013917
3/31/1988,8730.569,274.1176,-,5.7,-,379.200012,-,54.6,258.8900146,51,104.9,0.085,-0.01993
4/30/1988,8768.806,275.5294,-,5.4,-,370.299988,-,55.8,261.3299866,52,105.8,0.085,-0.012511
5/31/1988,8807.043,276.4706,-,5.6,-,394.700012,-,55.5,262.1600037,54,106.5,0.0884,-0.015848
6/30/1988,8845.28,277.647,-,5.4,-,387.299988,-,59.3,273.5,49,107.2,0.09,0.032302
7/31/1988,8862.555667,278.8235,15.7,5.4,-,376.600006,-,58.2,272.019989,54,107.9,0.0929,-0.012001
8/31/1988,8879.831333,280,14.6,5.6,-,387.700012,-,56,261.519989,56,108,0.0984,0.000564
9/30/1988,8897.107,281.8823,12.24,5.4,-,382.5,-,54.5,271.9100037,53,108.1,0.1,0.032089
10/31/1988,8936.625,282.8235,12.74,5.4,-,371.5,-,55.4,278.9700012,49,108.2,0.1,0.021687
11/30/1988,8976.143,283.0588,14.05,5.3,-,381.399994,-,55.6,273.7000122,58,108.3,0.1005,-0.020027
12/31/1988,9015.661,283.5294,15.52,5.3,-,401.299988,-,56,277.7200012,60,109,0.105,0.003005
1/31/1989,9046.212,284.9411,15.91,5.4,-,399.700012,-,54.7,297.4700012,54,110.5,0.105,0.016054
2/28/1989,9076.763,286.1176,16.4,5.2,-,406.700012,-,54.1,288.8599854,53,110.8,0.1093,-0.014851
3/31/1989,9107.314,287.7647,19.55,5,-,427.600006,-,51.5,294.8699951,48,111.5,0.115,0.0094
4/30/1989,9130.485,289.647,18.94,5.2,-,446.200012,-,52.2,309.6400146,44,112.3,0.115,0.024763
5/31/1989,9153.656,291.2941,17.75,5.2,-,435.299988,-,49.3,320.519989,44,113.2,0.115,0.031579
6/30/1989,9176.827,292,17.49,5.3,-,453.799988,-,47.3,317.980011,45,112.9,0.1107,0.040859
7/31/1989,9199.49,292.7059,16.52,5.2,-,469.299988,-,45.9,346.0799866,46,112.8,0.1098,0.025032
8/31/1989,9222.153,293.1764,17.24,5.2,-,472.899994,-,45.1,351.4500122,50,112,0.105,-0.024083
9/30/1989,9244.816,294.1176,18.16,5.3,-,455.600006,-,46,349.1499939,51,112.4,0.105,0.003223
10/31/1989,9250.888333,295.5294,18.63,5.3,-,456.100006,-,46.8,340.3599854,48,112.8,0.105,0.033234
11/30/1989,9256.960667,296.2353,18.49,5.4,-,454.799988,-,46.8,345.9899902,46,112.7,0.105,0.008516
12/31/1989,9263.033,296.7059,20.28,5.4,-,415.799988,-,47.4,353.3999939,43,113,0.105,-0.000408
1/31/1990,9296.775,299.7646,20.06,5.4,-,425.799988,-,47.2,329.0799866,42,114.9,0.1011,-0.024409
2/28/1990,9330.517,301.1764,19.48,5.3,21.99,435.5,-,49.1,331.8900146,44,114.4,0.1,-0.002074
3/31/1990,9364.259,302.8235,18.38,5.2,19.73,420.100006,-,49.9,339.9400024,40,114.2,0.1,-0.001702
4/30/1990,9375.587,303.2941,17.12,5.4,19.52,459,-,50,330.7999878,39,114.1,0.1,-0.017396
5/31/1990,9386.915,304,16.24,5.4,17.370001,462.299988,-,49.5,361.230011,36,114.6,0.1,0.032827
6/30/1990,9398.243,305.647,16.14,5.2,15.5,438.200012,-,49.2,358.019989,36,114.3,0.1,0.017846
7/31/1990,9400.326667,306.8235,19.84,5.5,21.110001,381.200012,-,46.6,356.1499939,32,114.5,0.1,0.011922
8/31/1990,9402.410333,309.647,26.75,5.7,29.9,344.5,-,46.1,322.5599976,30,116.5,0.1,-0.025843
9/30/1990,9404.494,312.2353,39.1,5.9,29.110001,329.799988,-,44.5,306.0499878,31,118.4,0.1,0.009186
10/31/1990,9375.954667,314.1176,34.41,5.9,30.040001,359.100006,-,43.2,304,28,120.8,0.1,0.018981
11/30/1990,9347.415333,314.8235,29.2,6.2,22.16,373.799988,-,41.3,322.2200012,25,120.1,0.1,0.030133
12/31/1990,9318.876,314.8235,28.27,6.3,26.379999,414.200012,-,40.8,330.2200012,22,118.7,0.1,0.019396
1/31/1991,9304.342667,316.7058,20.06,6.4,20.91,453.100006,-,39.2,343.9299927,20,119,0.0952,0.010098
2/28/1991,9289.809333,317.1764,18.68,6.6,21.23,482.299988,-,39.4,367.0700073,27,117.2,0.0905,0.006436
3/31/1991,9275.276,317.647,17.95,6.8,16.879999,484.720001,-,40.7,375.2200012,36,116.2,0.09,0.004182
4/30/1991,9299.383,318.1176,19.42,6.7,18.24,506.109985,-,42.8,375.3399963,41,116,0.09,0.0095
5/31/1991,9323.49,319.0588,19.21,6.9,15.93,475.920013,-,44.5,389.8299866,40,116.5,0.085,0.004376
6/30/1991,9347.597,319.9999,18.72,6.9,19.549999,502.040009,-,50.3,371.1600037,42,116.4,0.085,-0.006102
7/31/1991,9363.342667,320.4706,19.74,6.8,15.18,525.679993,-,50.6,387.8099976,41,116.1,0.085,0.013229
8/31/1991,9379.088333,321.4117,20.7,6.9,14.46,526.880005,-,52.9,395.4299927,36,116.2,0.085,0.025923
9/30/1991,9394.834,322.8235,21.05,6.9,15.85,542.97998,-,54.9,387.8599854,37,116.1,0.082,0.031095
10/31/1991,9405.749667,323.2941,22.1,7,15.48,523.900024,-,53.1,392.4500122,37,116.4,0.08,0.006005
11/30/1991,9416.665333,324.2352,20.13,7,20.26,586.340027,-,49.5,375.2200012,37,116.4,0.0758,0.008336
12/31/1991,9427.581,324.4706,17.61,7.3,19.309999,620.210022,-,46.8,417.0899963,35,115.9,0.0721,0.054398
1/31/1992,9465.202,324.9411,18.15,7.3,17.4,633.469971,146.92,47.3,408.7799988,44,115.6,0.065,-0.024549
2/29/1992,9502.823,326.1176,17.55,7.4,16.68,603.77002,147.22,52.7,412.7000122,49,116,0.065,0.008862
3/31/1992,9540.444,327.7647,18.14,7.4,16.18,578.679993,146.8,54.6,403.6900024,46,116.1,0.065,-0.007535
4/30/1992,9574.927,328.2352,19.66,7.4,15.53,585.309998,148.03,52.6,414.9500122,46,116.3,0.065,0.003928
5/31/1992,9609.41,328.7058,20.79,7.6,13.86,563.599976,149.01,55.7,415.3500061,47,117.2,0.065,0.021337
6/30/1992,9643.893,329.8823,20.41,7.8,13.35,580.830017,149.8,53.6,408.1400146,45,118,0.065,0.019971
7/31/1992,9675.657,330.5882,20.47,7.7,13.17,563.119995,150.76,53.9,424.2099915,46,117.9,0.0602,0.035683
8/31/1992,9707.421,331.5294,19.87,7.6,13.58,583.27002,151.07,53.4,414.0299988,49,117.7,0.06,0.009816
9/30/1992,9739.185,332.4706,20.34,7.6,14.28,605.169983,152.59,49.7,417.7999878,48,118,0.06,0.019812
10/31/1992,9773.041,333.647,19.45,7.3,16.15,652.72998,153.52,50.3,418.6799927,50,118.1,0.06,-0.017524
11/30/1992,9806.897,334.1176,18.84,7.4,13.01,676.950012,153.58,53.6,431.3500061,54,117.8,0.06,-0.00345
12/31/1992,9840.753,333.8823,18.29,7.4,12.57,696.340027,155.61,54.2,435.7099915,56,117.6,0.06,0.022404
1/31/1993,9846.230333,335.5293,18.47,7.3,12.42,670.77002,157.56,55.8,438.7799988,55,118,0.06,0.027836
2/28/1993,9851.707667,336.7058,18.92,7.1,13.16,690.130005,156.27,55.2,443.3800049,52,118.4,0.06,0.026678
3/31/1993,9857.185,337.8823,18.9,7,12.53,661.419983,154.75,53.5,451.6700134,53,118.7,0.06,0.005286
4/30/1993,9876.311667,338.8235,19.15,7.1,12.42,700.530029,158.98,50.2,440.1900024,52,119.3,0.06,0.007802
5/31/1993,9895.438333,339.2941,18.6,7.1,13.47,703.950012,160.6,51.2,450.1900024,51,119.7,0.06,-0.000582
6/30/1993,9914.565,339.7647,17.51,7,11.26,704.700012,160.13,49.6,450.5299988,53,119.5,0.06,0.032076
7/31/1993,9930.334333,339.7647,16.75,6.9,11.73,742.840027,162.82,50.2,448.1300049,57,119.2,0.06,0.004442
8/31/1993,9946.103667,340.7058,17.08,6.8,11.85,762.780029,162.51,50.7,463.5599976,60,118.7,0.06,0.025066
9/30/1993,9961.873,341.4117,17.43,6.7,12.99,779.26001,163.26,50.8,458.9299927,62,118.7,0.06,0.00799
10/31/1993,10007.036,342.8235,15.8,6.8,11.46,754.390015,164.68,53.4,467.8299866,66,119.1,0.06,0.004056
11/30/1993,10052.199,343.0588,14.52,6.6,13.76,776.799988,166.59,53.8,461.7900085,71,119,0.06,-0.017965
12/31/1993,10097.362,343.0588,13.2,6.5,11.66,800.469971,168.16,55.6,466.4500122,71,118.6,0.06,0.005053
1/31/1994,10130.02067,344,14.22,6.6,10.63,792.5,167.52,56,481.6099854,70,119.1,0.06,0.017415
2/28/1994,10162.67933,345.1764,13.35,6.6,14.87,743.460022,169.65,56.5,467.1400146,64,119.3,0.06,-0.031254
3/31/1994,10195.338,346.3529,13.25,6.5,20.450001,733.840027,172.77,56.9,445.769989,61,119.7,0.0606,-0.03847
4/30/1994,10241.39033,346.8235,15.69,6.4,13.77,735.190002,173.11,57.4,450.9100037,61,119.7,0.0645,-0.009781
5/31/1994,10287.44267,347.0588,16.45,6.1,13.03,705.960022,172.33,58.2,456.5,59,119.9,0.0699,-0.00137
6/30/1994,10333.495,348.2352,17.52,6.1,14.97,722.159973,174.24,58.8,444.269989,57,120.5,0.0725,-0.005909
7/31/1994,10353.62933,349.1764,18.59,6.1,11.13,765.619995,174.78,58.5,458.2600098,53,120.7,0.0725,0.019443
8/31/1994,10373.76367,350.5882,16.24,6,11.97,764.289978,177.3,58,475.4899902,53,121.2,0.0751,0.003026
9/30/1994,10393.898,351.5294,17.15,5.9,14.28,777.48999,178.79,59,462.7099915,50,121,0.0775,-0.023275
10/31/1994,10433.586,351.7646,16.92,5.8,14.56,750.320007,180.56,59.4,472.3500061,49,120.9,0.0775,-0.003948
11/30/1994,10473.274,352.2352,17.11,5.6,15.95,751.960022,180.7,59.2,453.6900024,50,121.5,0.0815,-0.00129
12/31/1994,10512.962,352.2352,16.5,5.5,13.2,755.200012,181.52,56.1,459.269989,43,121.9,0.085,0.011198
1/31/1995,10525.39167,353.647,16.8,5.6,11.96,793.72998,182.41,57.4,470.4200134,40,122.9,0.085,0.022922
2/28/1995,10537.82133,355.0588,16.87,5.4,11.75,817.210022,179.49,55.1,487.3900146,42,123.5,0.09,0.030014
3/31/1995,10550.251,356.2353,17.5,5.4,13.37,843.97998,181.01,52.1,500.7099915,40,123.9,0.09,0.007195
4/30/1995,10560.74167,357.4117,19.06,5.8,11.75,864.580017,181.69,51.5,514.710022,42,124.6,0.09,0.016973
5/31/1995,10571.23233,358.1176,17.7,5.6,12.85,933.450012,183.54,46.7,533.4000244,43,124.9,0.09,0.0549
6/30/1995,10581.723,358.8235,16.38,5.6,11.38,1001.210022,186.08,45.9,544.75,45,125.3,0.09,0.011343
7/31/1995,10611.728,358.8235,16.01,5.7,13.49,1020.109985,185.43,50.7,562.0599976,49,125.3,0.088,-0.008576
8/31/1995,10641.733,359.7646,16.25,5.7,11.52,1043.540039,186.81,47.1,561.8800049,50,125.1,0.0875,0.014105
9/30/1995,10671.738,360.4705,16.12,5.6,12.74,1036.060059,187.37,48.1,584.4099731,51,125.2,0.0875,0.012995
10/31/1995,10695.893,361.647,16.33,5.5,13.83,1059.199951,186.56,46.7,581.5,55,125.3,0.0875,0.016065
11/30/1995,10720.048,361.4117,17.04,5.6,11.58,1052.130005,189.06,45.9,605.3699951,52,125.4,0.0875,0.022024
12/31/1995,10744.203,361.1764,18.33,5.6,12.52,1059.790039,190.77,46.2,615.9299927,53,125.7,0.0865,0.017912
1/31/1996,10771.02667,363.2941,16.52,5.6,12.53,1100.050049,189.14,45.5,636.0200195,54,126.3,0.085,0.006363
2/29/1996,10797.85033,364.4705,17.76,5.5,17.040001,1101.400024,192.27,45.9,640.4299927,49,126.2,0.0825,-0.028964
3/31/1996,10824.674,366.3529,19.41,5.5,18.879999,1190.52002,194.03,46.9,645.5,59,126.4,0.0825,-0.010249
4/30/1996,10884.855,367.7647,19.02,5.6,15.83,1243.430054,194.74,49.3,654.1699829,60,127.4,0.0825,-0.017066
5/31/1996,10945.036,368.4705,17.8,5.6,16.07,1185.02002,196.2,49.1,669.1199951,61,128.1,0.0825,-0.00588
6/30/1996,11005.217,368.7058,18.91,5.3,13.68,1080.589966,196.14,53.6,670.6300049,59,128,0.0825,0.014535
7/31/1996,11038.123,369.4117,18.9,5.5,19.459999,1141.5,196.19,49.7,639.9500122,58,128,0.0825,0.00053
8/31/1996,11071.029,370.1176,20.78,5.1,17.01,1226.920044,196.22,51.6,651.9899902,56,128.3,0.0825,-0.00514
9/30/1996,11103.935,371.294,23.21,5.2,16.950001,1221.51001,198.86,51.1,687.3300171,55,128.2,0.0825,0.022799
10/31/1996,11142.36933,372.4705,22.67,5.2,18.110001,1292.609985,200.51,50.5,705.2700195,56,128,0.0825,0.029722
11/30/1996,11180.80367,373.1764,22.77,5.4,17.139999,1291.030029,200.17,53,757.0200195,54,128.2,0.0825,0.026511
12/31/1996,11219.238,373.1764,23.81,5.4,20.92,1379.849976,201.28,55.2,740.7399902,55,129.1,0.0825,-0.021218
1/31/1997,11243.38033,374.3529,22.52,5.3,19.469999,1309,202.37,53.8,786.1599731,54,129.7,0.0825,-0.000088
2/28/1997,11267.52267,375.5294,18.85,5.2,21.1,1221.699951,204.29,53.1,790.8200073,52,128.5,0.0825,-0.002146
3/31/1997,11291.665,376.4705,19.38,5.2,22.139999,1260.76001,204.99,53.8,757.1199951,57,127.3,0.083,-0.019247
4/30/1997,11354.22,376.9411,18.52,5.1,20.059999,1400.319946,203.4,53.7,801.3400269,56,127,0.085,0.019041
5/31/1997,11416.775,376.7058,19.4,4.9,19.190001,1442.069946,201.7,56.1,848.2800293,55,127.4,0.085,0.011188
6/30/1997,11479.33,377.1764,18.51,5,21.530001,1593.810059,204.68,54.9,885.1400146,56,127.2,0.085,0.017494
7/31/1997,11527.19033,377.647,18.94,4.9,21.48,1587.319946,207.01,57.7,954.3099976,55,126.9,0.085,0.040304
8/31/1997,11575.05067,378.3529,18.51,4.8,24.76,1685.689941,207.64,56.3,899.4699707,58,127.2,0.085,-0.020309
9/30/1997,11622.911,379.2941,19.9,4.9,22.91,1593.609985,208.33,53.9,947.2800293,59,127.5,0.085,0.022409
10/31/1997,11656.18133,380.2352,20.02,4.7,35.09,1600.550049,208.08,56.4,914.6199951,59,127.8,0.085,0.024771
11/30/1997,11689.45167,379.9999,18.94,4.6,27.43,1570.349976,208.94,55.7,955.4000244,58,127.9,0.085,0.001182
12/31/1997,11722.722,379.5294,16.52,4.7,24.01,1619.359985,209.36,54.5,970.4299927,60,126.8,0.085,0.014809
1/31/1998,11761.77333,380.2352,15.96,4.6,21.469999,1770.51001,209.67,53.8,980.2800293,60,125.4,0.085,0.021106
2/28/1998,11800.82467,380.9411,14.17,4.6,18.549999,1835.680054,209.55,52.9,1049.339966,65,125,0.085,-0.007748
3/31/1998,11839.876,381.647,14.26,4.7,24.219999,1868.410034,210.83,52.9,1101.75,66,124.7,0.085,0.002537
4/30/1998,11876.41467,382.3529,14.46,4.3,21.18,1778.869995,213.63,52.2,1111.75,67,124.9,0.085,0.003324
5/31/1998,11912.95333,383.0588,14.37,4.4,21.32,1894.73999,214.64,50.9,1090.819946,67,125.1,0.085,0.010086
6/30/1998,11949.492,383.5293,13.38,4.5,19.709999,1872.390015,216.34,48.9,1133.839966,70,124.8,0.085,0.013545
7/31/1998,11999.39167,383.9999,13.09,4.5,24.799999,1499.25,214.84,49.2,1120.670044,71,124.9,0.085,0.000356
8/31/1998,12049.29133,384.4706,12.56,4.5,44.279999,1693.839966,213.64,49.3,957.2800293,72,124.2,0.085,0.036926
9/30/1998,12099.191,384.9411,14.68,4.6,40.950001,1771.390015,215.72,48.7,1017.01001,71,123.8,0.0849,0.052732
10/31/1998,12164.373,385.8823,13.22,4.5,28.049999,1949.540039,219.48,48.7,1098.670044,73,124,0.0812,-0.010324
11/30/1998,12229.555,385.8823,10.46,4.4,26.01,2192.689941,221.13,48.2,1163.630005,77,123.6,0.0789,-0.006612
12/31/1998,12294.737,385.647,10.53,4.4,24.42,2505.889893,223.18,46.8,1229.22998,78,122.8,0.0775,0.009651
1/31/1999,12333.41733,386.5882,11.35,4.3,26.25,2288.030029,224,50.6,1279.640015,75,122.9,0.0775,0.00329
2/28/1999,12372.09767,387.0588,10.88,4.4,27.879999,2461.399902,226.25,51.7,1238.329956,71,122.3,0.0775,-0.044
3/31/1999,12410.778,388.2352,15.24,4.2,23.26,2542.860107,227.42,52.4,1286.369995,71,122.6,0.0775,0.008629
4/30/1999,12445.32133,391.0588,16.57,4.3,25.07,2470.52002,229.04,52.3,1335.180054,71,123.6,0.0775,-0.003473
5/31/1999,12479.86467,391.0588,15.2,4.2,25.389999,2686.120117,231.24,54.3,1301.839966,75,124.7,0.0775,-0.022523
6/30/1999,12514.408,391.0588,17.51,4.3,21.09,2638.48999,231.9,55.8,1372.709961,77,125.2,0.0775,-0.00715
7/31/1999,12569.59767,392.2352,19.37,4.3,24.639999,2739.350098,233.95,53.6,1328.719971,75,125.7,0.08,-0.004169
8/31/1999,12624.78733,393.1764,21.33,4.2,24.450001,2746.159912,236.57,54.8,1320.410034,72,126.9,0.0806,-0.004519
9/30/1999,12679.977,395.0588,23.58,4.2,25.41,2966.429932,237.48,57,1282.709961,72,128,0.0825,0.012025
10/31/1999,12749.41167,395.7646,21.69,4.1,22.200001,3336.159912,237.55,57.2,1362.930054,69,127.7,0.0825,-0.006108
11/30/1999,12818.84633,396,23.64,4.1,24.18,4069.310059,240.54,58.1,1388.910034,70,128.3,0.0837,-0.006589
12/31/1999,12888.281,396,25.08,4,24.639999,3940.350098,245.48,57.8,1469.25,70,127.8,0.085,-0.0124
1/31/2000,12903.938,397.1764,25.97,4,24.950001,4696.689941,243.44,56.7,1394.459961,69,128.3,0.085,-0.009797
2/29/2000,12919.595,399.5294,28.09,4.1,23.370001,4572.830078,247.13,55.8,1366.420044,68,129.8,0.0873,0.013598
3/31/2000,12935.252,402.8235,24.77,4,24.110001,3860.659912,249.82,54.9,1498.579956,64,130.8,0.0883,0.034752
4/30/2000,13013.751,403.0588,23.89,3.8,26.200001,3400.909912,245.83,54.7,1452.430054,63,130.7,0.09,-0.010026
5/31/2000,13092.25,403.5294,28.31,4,23.65,3966.110107,246.2,53.2,1420.599976,63,131.6,0.0924,0.001771
6/30/2000,13170.749,405.647,30.57,4,19.540001,3766.98999,248.16,51.4,1454.599976,58,133.8,0.095,0.022074
7/31/2000,13175.12933,406.5882,26.93,4,20.74,4206.350098,247.18,52.5,1430.829956,59,133.7,0.095,0.00464
8/31/2000,13179.50967,406.5882,31.72,4.1,16.84,3672.820068,247.58,49.9,1517.680054,60,132.9,0.095,0.016603
9/30/2000,13183.89,408.7058,29.84,3.9,20.57,3369.629883,251.84,49.7,1436.51001,60,134.7,0.095,-0.001323
10/31/2000,13210.01,409.4117,30.76,3.9,23.629999,2597.929932,251.22,48.7,1429.400024,62,135.4,0.095,0.008647
11/30/2000,13236.13,409.647,31.88,3.9,29.65,2470.52002,250.33,48.5,1314.949951,63,135,0.095,0.025641
12/31/2000,13262.25,409.4117,23.87,3.9,26.85,2772.72998,250.66,43.9,1320.280029,57,136.2,0.095,0.030723
1/31/2001,13247.917,411.9999,26.66,4.2,22.02,2151.830078,252.65,42.3,1366.01001,52,140,0.0905,0.004164
2/28/2001,13233.584,413.647,19.18,4.2,28.35,1840.26001,252.7,42.1,1239.939941,58,137.4,0.085,0.011636
3/31/2001,13219.251,414.5882,31.1,4.3,28.639999,2116.23999,250.33,43.1,1160.329956,60,135.9,0.0832,0.00275
4/30/2001,13246.632,416.2353,29.18,4.4,25.48,2110.48999,254.76,42.7,1249.459961,59,136.4,0.078,-0.027449
5/31/2001,13274.013,418.1176,45.92,4.3,22.639999,2160.540039,255.22,41.3,1255.819946,58,136.8,0.0724,0.001373
6/30/2001,13301.394,418.8235,65.99,4.5,19.059999,2027.130005,254.02,43.2,1224.380005,59,135.5,0.0698,0.002161
7/31/2001,13283.64333,417.647,57.4,4.6,21.620001,1805.430054,253,43.5,1211.22998,57,133.4,0.0675,0.030526
8/31/2001,13265.89267,417.647,92.21,4.9,24.92,1498.800049,254.56,46.3,1133.579956,59,133.4,0.0667,0.015065
9/30/2001,13248.142,419.5294,45.88,5,31.93,1690.199951,249.84,46.2,1040.939941,55,133.3,0.0628,0.022599
10/31/2001,13260.38833,418.1176,71.46,5.3,33.560001,1930.579956,268,40.8,1059.780029,46,130.3,0.0553,0.031821
11/30/2001,13272.63467,417.4117,101.01,5.5,23.84,1950.400024,260.51,44.1,1139.449951,48,129.8,0.051,-0.035211
12/31/2001,13284.881,415.7646,110.98,5.7,23.799999,1934.030029,256.55,45.3,1148.079956,55,128.1,0.0484,-0.017354
1/31/2002,13321.55733,416.7058,115.55,5.7,21.09,1731.48999,256.31,47.5,1130.199951,58,128.5,0.0475,0.004609
2/28/2002,13358.23367,418.3529,106.4,5.7,21.59,1845.349976,257.67,50.7,1106.72998,58,128.4,0.0475,0.012027
3/31/2002,13394.91,420.7058,52.99,5.7,17.4,1688.22998,257.06,52.4,1147.390015,62,129.8,0.0475,-0.03679
4/30/2002,13422.392,423.0588,34.74,5.9,21.91,1615.72998,261.33,52.4,1076.920044,61,130.8,0.0475,0.029382
5/31/2002,13449.874,423.0588,55.7,5.8,19.98,1463.209961,257.57,53.1,1067.140015,61,130.8,0.0475,0.008136
6/30/2002,13477.356,423.294,69.05,5.8,25.4,1328.26001,259.79,53.6,989.8200073,61,130.9,0.0475,0.021555
7/31/2002,13495.48433,423.7647,61.89,5.8,32.029999,1314.849976,262.77,50.2,911.6199951,61,131.2,0.0475,0.03077
8/31/2002,13513.61267,425.1764,58.16,5.7,32.639999,1172.060059,265.04,50.3,916.0700073,55,131.5,0.0475,0.030178
9/30/2002,13531.741,425.8823,55.88,5.7,39.689999,1329.75,260.63,50.5,815.2800293,63,132.3,0.0475,0.04689
10/31/2002,13537.63433,426.5882,25.57,5.7,31.139999,1478.780029,261.95,49,885.7600098,61,133.2,0.0475,-0.020221
11/30/2002,13543.52767,426.5882,21.33,5.9,27.5,1335.51001,263.57,48.5,936.3099976,62,133.1,0.0435,-0.021163
12/31/2002,13549.421,425.647,32.79,6,28.620001,1320.910034,265.93,51.6,879.8200073,63,132.9,0.0425,0.035968
1/31/2003,13572.75867,427.5294,32.23,5.8,31.17,1337.52002,267.23,51.3,855.7000122,62,135.3,0.0425,-0.008285
2/28/2003,13596.09633,430.8235,50.06,5.9,29.629999,1341.170044,263.19,48.8,841.1500244,63,137.6,0.0425,0.02623
3/31/2003,13619.434,433.4117,61.76,5.9,29.15,1464.310059,267.82,46.3,848.1799927,56,141.2,0.0425,-0.005651
4/30/2003,13659.99167,432.4705,61.89,6,21.209999,1595.910034,267.2,46.1,916.9199829,55,136.8,0.0425,-0.000069
5/31/2003,13700.54933,431.7647,100.1,6.1,19.469999,1622.800049,267.36,49,963.5900269,60,136.7,0.0425,0.042443
6/30/2003,13741.107,432.2352,46.35,6.3,19.52,1735.02002,270.4,49,974.5,63,138,0.0422,-0.009082
7/31/2003,13817.457,432.7058,77.59,6.2,19.49,1810.449951,273.35,51,990.3099976,65,137.7,0.04,-0.066819
8/31/2003,13893.807,434.3529,111.8,6.1,18.629999,1786.939941,277.96,53.2,1008.01001,67,138,0.04,0.004672
9/30/2003,13970.157,435.7647,122.66,6.1,22.719999,1932.209961,276.43,52.4,995.9699707,67,138.5,0.04,0.046768
10/31/2003,14023.89767,435.2941,111.38,6,16.1,1960.26001,274.76,55.2,1050.709961,69,139.3,0.04,-0.024426
11/30/2003,14077.63833,434.1176,109.07,5.8,16.32,2003.369995,278.3,58.4,1058.199951,68,138.9,0.04,0.001662
12/31/2003,14131.379,433.647,62.58,5.7,18.309999,2066.149902,277.61,60.1,1111.920044,69,139.5,0.04,0.010311
1/31/2004,14158.366,435.7647,35.97,5.7,16.629999,2029.819946,278.91,60.8,1131.130005,68,141.4,0.04,0.012966
2/29/2004,14185.353,438.1176,55.59,5.6,14.55,1994.219971,280.93,59.9,1144.939941,66,142.1,0.04,0.017481
3/31/2004,14212.34,440.9411,65.78,5.8,16.74,1920.150024,286.21,60.6,1126.209961,66,143.1,0.04,0.014353
4/30/2004,14249.23233,442.3529,66.03,5.6,17.190001,1986.73999,282.95,60.6,1107.300049,69,144.8,0.04,-0.04909
5/31/2004,14286.12467,444.9411,50.52,5.6,15.5,2047.790039,288.25,61.4,1120.680054,69,146.8,0.04,-0.006666
6/30/2004,14323.017,446.3529,66.13,5.6,14.34,1887.359985,284.13,60.5,1140.839966,68,147.2,0.0401,0.010107
7/31/2004,14367.95533,445.647,24.74,5.5,15.32,1838.099976,287.36,59.9,1101.719971,67,147.4,0.0425,0.01208
8/31/2004,14412.89367,445.8823,25.92,5.4,15.29,1896.839966,287.94,58.5,1104.23999,70,148,0.0443,0.032183
9/30/2004,14457.832,446.8235,27.18,5.4,13.34,1974.98999,293.14,57.4,1114.579956,67,147.7,0.0458,0.002804
10/31/2004,14507.08633,449.1764,31.51,5.5,16.27,2096.810059,295.12,56.3,1130.199951,69,150,0.0475,0.011144
11/30/2004,14556.34067,449.4117,54.29,5.4,13.24,2175.439941,296.18,56.2,1173.819946,70,151.4,0.0493,-0.017663
12/31/2004,14605.595,447.7646,65.91,5.4,13.29,2062.409912,299.76,57.2,1211.920044,71,150.2,0.0515,0.013398
1/31/2005,14659.67867,448.7058,68.1,5.3,12.82,2051.719971,296.7,56.8,1181.27002,70,150.9,0.0525,0.009351
2/28/2005,14713.76233,451.2941,100.3,5.4,12.08,1999.22998,300.56,55.5,1203.599976,69,151.6,0.0549,-0.013112
3/31/2005,14767.846,454.8235,49.23,5.2,14.02,1921.650024,301.31,55.2,1180.589966,70,153.7,0.0558,-0.004518
4/30/2005,14791.79967,457.8823,82.7,5.2,15.31,2068.219971,303.76,52.2,1156.849976,67,155,0.0575,0.026104
5/31/2005,14815.75333,457.4117,117.36,5.1,13.29,2056.959961,301.78,50.8,1191.5,70,154.3,0.0598,0.018363
6/30/2005,14839.707,457.647,122.88,5,12.04,2184.830078,310.99,52.4,1191.329956,72,154.3,0.0601,0.009046
7/31/2005,14878.56833,459.7646,110.02,5,11.57,2152.090088,313.52,52.8,1234.180054,70,156.3,0.0625,-0.021346
8/31/2005,14917.42967,462.1176,107.76,4.9,12.6,2151.689941,310.05,52.4,1220.329956,67,157.6,0.0644,0.020806
9/30/2005,14956.291,467.7646,55.11,5,11.92,2120.300049,310.67,56.8,1228.810059,65,162.2,0.0659,-0.018281
10/31/2005,14984.60467,468.7058,39.6,5,15.32,2232.820068,310.48,57.2,1207.01001,68,166.2,0.0675,-0.011898
11/30/2005,15012.91833,464.9411,52.83,5,12.06,2205.320068,313.3,56.7,1249.47998,61,163.7,0.07,0.006295
12/31/2005,15041.232,463.0587,70.27,4.9,12.07,2305.820068,313.47,55.1,1248.290039,57,163,0.0715,0.011198
1/31/2006,15108.85067,466.5882,68.39,4.7,12.95,2281.389893,322.35,55,1280.079956,57,164.3,0.0726,-0.004563
2/28/2006,15176.46933,467.5294,22.74,4.8,12.34,2339.790039,320.17,55.8,1280.660034,56,161.8,0.075,0.000153
3/31/2006,15244.088,470.1176,63.54,4.7,11.39,2322.570068,320.87,54.3,1294.869995,54,162.2,0.0753,-0.019782
4/30/2006,15256.567,474.1176,27.89,4.7,11.59,2178.879883,322.56,55.2,1310.609985,51,164.3,0.0775,-0.008795
5/31/2006,15269.046,476.4705,26.47,4.6,16.440001,2172.090088,321.79,53.7,1270.089966,46,165.8,0.0793,-0.001047
6/30/2006,15281.525,477.4117,23.68,4.6,13.08,2091.469971,323.18,52,1270.199951,42,166.1,0.0802,0.003077
7/31/2006,15289.189,478.8235,34.48,4.7,14.95,2183.75,324.2,53,1276.660034,39,166.8,0.0825,0.016418
8/31/2006,15296.853,479.7646,51.09,4.7,12.31,2258.429932,325.32,53.7,1303.819946,33,167.9,0.0825,0.021575
9/30/2006,15304.517,477.4117,72.02,4.5,11.98,2366.709961,323.24,52.2,1335.849976,30,165.4,0.0825,0.011343
10/31/2006,15347.559,474.8235,67.65,4.4,11.1,2431.77002,322.68,51.4,1377.939941,31,162.2,0.0825,0.007074
11/30/2006,15390.601,474.1176,111.36,4.5,10.91,2415.290039,323.34,50.3,1400.630005,33,164.6,0.0825,0.013674
12/31/2006,15433.643,474.8235,50.8,4.4,11.56,2463.929932,326.85,51.4,1418.300049,33,165.6,0.0825,-0.015746
1/31/2007,15448.74733,476.2729,87.44,4.6,10.42,2416.149902,327.18,49.5,1438.23999,35,164,0.0825,-0.0036
2/28/2007,15463.85167,478.8211,125.89,4.5,15.42,2421.639893,327.95,51.9,1406.819946,39,166.8,0.0825,0.019999
3/31/2007,15478.956,483.1811,119.47,4.4,14.64,2525.090088,330.58,50.7,1420.859985,36,169.3,0.0825,-0.002247
4/30/2007,15511.897,486.3199,102.37,4.5,14.22,2604.52002,329.56,52.6,1482.369995,33,171.4,0.0825,0.006799
5/31/2007,15544.838,489.2917,108.07,4.4,13.05,2603.22998,334.2,52.5,1530.619995,30,173.3,0.0825,-0.014483
6/30/2007,15577.779,490.24,66.78,4.6,16.23,2546.27002,331.08,52.6,1503.349976,28,173.8,0.0825,-0.006804
7/31/2007,15609.05433,490.1152,48.13,4.7,23.52,2596.360107,332.34,52.4,1455.27002,24,175.1,0.0825,0.023884
8/31/2007,15640.32967,489.2164,51.73,4.6,23.379999,2701.5,334.17,50.9,1473.98999,22,172.4,0.0825,0.01713
9/30/2007,15671.605,490.5646,75.17,4.7,18,2859.120117,335.44,51,1526.75,20,173.5,0.0803,-0.00044
10/31/2007,15703.452,491.614,72.8,4.7,18.530001,2660.959961,337.53,51.1,1549.380005,19,174.7,0.0774,0.013082
11/30/2007,15735.299,494.5341,25.27,4.7,22.870001,2652.280029,341.13,50.5,1481.140015,19,179,0.075,0.044192
12/31/2007,15767.146,494.2023,67.25,5,22.5,2389.860107,336.19,49,1468.359985,18,178.6,0.0733,-0.003627
1/31/2008,15745.73267,496.6588,29.34,5,26.200001,2271.47998,337.41,50.3,1378.550049,19,181,0.0698,0.038355
2/29/2008,15724.31933,498.1011,24.45,4.9,26.540001,2279.100098,334.58,47.6,1330.630005,20,182.7,0.06,0.009265
3/31/2008,15702.906,502.4188,26.32,5.1,25.610001,2412.800049,335.19,48.3,1322.699951,20,187.9,0.0566,0.011256
4/30/2008,15732.86167,505.4658,36.58,5,20.790001,2522.659912,334.84,48.8,1385.589966,20,190.9,0.0524,-0.016442
5/31/2008,15762.81733,509.7223,50.73,5.4,17.83,2292.97998,337.95,48.8,1400.380005,19,196.6,0.05,-0.018756
6/30/2008,15792.773,514.8588,70.41,5.6,23.950001,2325.550049,338.31,49.8,1280,18,200.5,0.05,0.010754
7/31/2008,15765.036,517.5623,68.04,5.8,22.940001,2367.52002,336.77,50,1267.380005,16,205.5,0.05,0.005155
8/31/2008,15737.299,515.4964,127.78,6.1,20.65,2091.879883,334.04,49.2,1282.829956,16,199,0.05,0.015313
9/30/2008,15709.562,514.7835,65.52,6.1,39.389999,1720.949951,328.34,44.8,1166.359985,17,196.9,0.05,0.000875
10/31/2008,15595.24367,509.5834,74.65,6.5,59.889999,1535.569946,314.83,38.9,968.75,14,186.4,0.0456,-0.028592
11/30/2008,15480.92533,499.8234,116.73,6.8,55.279999,1577.030029,301.33,36.5,896.2399902,9,176.8,0.04,0.085378
12/31/2008,15366.607,494.654,101.87,7.3,40,1476.420044,294.02,33.1,903.25,9,170.9,0.0361,0.056872
1/31/2009,15306.89633,496.807,100.39,7.8,44.84,1377.839966,298.67,34.9,825.8800049,8,171.2,0.0325,-0.044454
2/28/2009,15247.18567,499.2776,109.41,8.3,46.349998,1528.589966,297.63,35.5,735.0900269,9,169.3,0.0325,-0.00192
3/31/2009,15187.475,500.4917,65.56,8.7,44.139999,1717.300049,292.3,36,797.8699951,9,168.1,0.0325,0.03291
4/30/2009,15178.90733,501.7411,49.69,9,36.5,1774.329956,293.61,39.5,872.8099976,14,169.1,0.0325,-0.035782
5/31/2009,15170.33967,503.1905,50.31,9.4,28.92,1835.040039,296.5,41.7,919.1400146,16,170.8,0.0325,-0.016442
6/30/2009,15161.772,507.5129,77.59,9.5,26.35,1978.5,302.17,45.8,919.3200073,15,174.1,0.0325,0.002851
7/31/2009,15180.06367,506.7082,64.49,9.5,25.92,2009.060059,302.8,49.9,987.4799805,17,172.5,0.0325,0.008263
8/31/2009,15198.35533,507.8446,35.33,9.6,26.01,2122.419922,309.02,53.5,1020.619995,18,175,0.0325,0.010147
9/30/2009,15216.647,508.1623,69.32,9.8,25.610001,2045.109985,301.03,54.4,1057.079956,19,174.1,0.0325,0.010322
10/31/2009,15270.81633,508.6517,26.08,10,30.690001,2144.600098,304.15,56,1036.189941,17,175.2,0.0325,-0.003575
11/30/2009,15324.98567,509.0117,25.58,9.9,24.51,2269.149902,306.68,54.4,1095.630005,17,177.4,0.0325,0.018977
12/31/2009,15379.155,508.1152,28.33,9.9,21.68,2147.350098,308.41,55.3,1115.099976,16,178.1,0.0325,-0.037937
1/31/2010,15404.78967,509.8517,34.5,9.8,24.620001,2238.26001,308.3,57.2,1073.869995,15,181.9,0.0325,0.020794
2/28/2010,15430.42433,509.9788,55.58,9.8,19.5,2397.959961,308.63,55.8,1104.48999,17,181,0.0325,0.002013
3/31/2010,15456.059,512.0729,73.51,9.9,17.59,2461.189941,316,58.8,1169.430054,15,183.3,0.0325,-0.014015
4/30/2010,15505.91533,512.9623,71.41,9.9,22.049999,2257.040039,318.71,58.1,1186.689941,19,184.4,0.0325,0.016503
5/31/2010,15555.77167,513.3599,139.83,9.6,32.07,2109.23999,315.6,58.3,1089.410034,22,184.8,0.0325,0.025297
6/30/2010,15605.628,512.8588,69.3,9.4,34.540001,2254.699951,314.92,56.4,1030.709961,16,183.5,0.0325,0.033851
7/31/2010,15645.846,512.967,75.01,9.4,23.5,2114.030029,315.63,56.4,1101.599976,14,184.1,0.0325,0.007935
8/31/2010,15686.064,513.6752,112.48,9.5,26.049999,2368.620117,317.41,58,1049.329956,13,184.9,0.0325,0.035527
9/30/2010,15726.282,513.974,97.8,9.5,23.700001,2507.409912,320.08,56.3,1141.199951,13,184.9,0.0325,-0.001971
10/31/2010,15753.51967,514.6141,102.16,9.4,21.200001,2498.22998,323.9,57.7,1183.26001,15,186.6,0.0325,-0.005208
11/30/2010,15780.75733,514.8305,112.36,9.8,23.540001,2652.870117,327.74,57.6,1180.550049,16,187.7,0.0325,-0.007214
12/31/2010,15807.995,515.7152,63.59,9.3,17.75,2700.080078,329.63,57.5,1257.640015,16,189.7,0.0325,-0.038909
1/31/2011,15795.30033,518.1717,49.68,9.1,19.530001,2782.27002,332.36,59,1286.119995,16,192.7,0.0325,-0.000224
2/28/2011,15782.60567,520.727,47.92,9,18.35,2781.070068,334.71,59.3,1327.219971,16,195.8,0.0325,-0.000203
3/31/2011,15769.911,525.8046,79.44,9,17.74,2873.540039,338.01,59.1,1325.829956,17,199.2,0.0325,-0.000481
4/30/2011,15805.55367,529.1905,66.55,9.1,14.75,2835.300049,339.88,58.9,1363.609985,16,203.1,0.0325,0.014547
5/31/2011,15841.19633,531.6799,41.15,9,15.45,2773.52002,339.3,53.7,1345.199951,16,204.1,0.0325,0.024937
6/30/2011,15876.839,531.1105,75.13,9.1,16.52,2756.379883,341.6,56.6,1320.640015,13,203.9,0.0325,-0.005928
7/31/2011,15874.78733,531.5811,24.69,9,25.25,2579.459961,341.37,52.9,1292.280029,15,204.6,0.0325,0.031082
8/31/2011,15872.73567,533.047,25.44,9,31.620001,2415.399902,342.29,53,1218.890015,15,203.2,0.0325,0.047503
9/30/2011,15870.684,533.8564,28.37,9,42.959999,2684.409912,345.5,52.8,1131.420044,14,203.7,0.0325,0.029468
10/31/2011,15930.02333,532.7552,40.03,8.8,29.959999,2620.340088,347.92,51.8,1253.300049,17,201.1,0.0325,-0.012101
11/30/2011,15989.36267,532.3058,59.37,8.6,27.799999,2605.149902,349.3,52.1,1246.959961,19,201.4,0.0325,0.008685
12/31/2011,16048.702,530.9929,75.15,8.5,23.4,2813.840088,349.74,53.1,1257.599976,21,199.8,0.0325,0.019019
1/31/2012,16092.45733,533.3293,77.05,8.3,19.440001,2966.889893,352.86,52.8,1312.410034,25,200.7,0.0325,0.008827
2/29/2012,16136.21267,535.6776,123.98,8.3,18.43,3091.570068,357.38,52.4,1365.680054,28,201.6,0.0325,-0.010592
3/31/2012,16179.968,539.7458,71.7,8.2,15.5,3046.360107,358.72,53,1408.469971,28,204.2,0.0325,-0.019458
4/30/2012,16204.554,541.3764,78.18,8.2,17.15,2827.340088,356.85,53.7,1397.910034,24,203.7,0.0325,0.028413
5/31/2012,16229.14,540.7411,116.74,8.2,24.059999,2935.050049,356.02,53.2,1310.329956,28,201.9,0.0325,0.03144
6/30/2012,16253.726,539.9482,104.92,8.2,17.08,2939.52002,352.04,51,1362.160034,29,199.8,0.0325,-0.006625
7/31/2012,16263.201,539.0682,107.7,8.2,18.93,3066.959961,353.89,50.6,1379.319946,35,200.1,0.0325,0.015792
8/31/2012,16272.676,542.0682,106.02,8.1,17.469999,3116.22998,358.45,51.1,1406.579956,37,202.7,0.0325,-0.002442
9/30/2012,16282.151,544.487,52.21,7.8,15.73,2977.22998,361.47,52.2,1440.670044,40,204.4,0.0325,-0.006372
10/31/2012,16288.11233,544.2752,42.46,7.8,18.6,3010.23999,361.99,51.2,1412.160034,41,203.5,0.0325,-0.002909
11/30/2012,16294.07367,541.6964,52.65,7.7,15.87,3019.51001,362.88,49.5,1416.180054,45,201.8,0.0325,0.00938
12/31/2012,16300.035,540.2376,74.25,7.9,18.02,3142.129883,364.49,50.4,1426.189941,47,201.5,0.0325,-0.008797
1/31/2013,16347.185,541.8352,65.17,8,14.28,3160.189941,367.01,52.3,1498.109985,47,202.5,0.0325,-0.014939
2/28/2013,16394.335,546.2729,43.3,7.7,15.51,3267.52002,372.29,53.1,1514.680054,46,204.3,0.0325,0.011635
3/31/2013,16441.485,547.7011,76.33,7.5,12.7,3328.790039,369.08,51.5,1569.189941,44,204,0.0325,0.003768
4/30/2013,16449.124,547.1317,26.41,7.6,13.52,3455.909912,367.51,50,1597.569946,41,203.5,0.0325,0.017563
5/31/2013,16456.763,548.1058,27.47,7.5,16.299999,3403.25,369.49,50,1630.73999,44,204.1,0.0325,-0.031221
6/30/2013,16464.402,549.4211,29.49,7.5,16.860001,3626.370117,371.04,52.5,1606.280029,51,204.3,0.0325,-0.029891
7/31/2013,16507.849,549.6376,39.61,7.3,13.45,3589.870117,373.55,54.9,1685.72998,56,204.4,0.0325,-0.004527
8/31/2013,16551.296,550.2987,67.02,7.2,17.01,3771.47998,372.49,56.3,1632.969971,58,204.2,0.0325,-0.012869
9/30/2013,16594.743,550.9388,70.25,7.2,16.6,3919.709961,372.5,56,1681.550049,57,203.9,0.0325,0.017924
10/31/2013,16634.082,549.5199,72.69,7.2,13.75,4059.889893,373.66,56.6,1756.540039,54,202.5,0.0325,0.006915
11/30/2013,16673.421,548.3976,114.05,6.9,13.7,4176.589844,373.91,57,1805.810059,54,201.2,0.0325,-0.012242
12/31/2013,16712.76,548.3505,69.65,6.7,13.72,4103.879883,377.03,56.5,1848.359985,57,202,0.0325,-0.021754
1/31/2014,16693.25567,550.3905,74.64,6.6,18.41,4308.120117,373.03,51.3,1782.589966,56,203.8,0.0325,0.035655
2/28/2014,16673.75133,552.4258,114.85,6.7,14,4198.990234,378.58,54.3,1859.449951,46,205.7,0.0325,0.004406
3/31/2014,16654.247,555.9834,114.57,6.7,13.88,4114.560059,382.6,54.4,1872.339966,46,207,0.0325,-0.003934
4/30/2014,16725.53433,557.8164,114.01,6.2,13.41,4242.620117,386.69,55.3,1883.949951,46,208.3,0.0325,0.008401
5/31/2014,16796.82167,559.7646,103.19,6.3,11.4,4408.180176,387.1,55.6,1923.569946,45,208,0.0325,0.019114
6/30/2014,16868.109,560.807,54.15,6.1,11.57,4369.77002,388.11,55.7,1960.22998,49,208.3,0.0325,-0.002418
7/31/2014,16933.61133,560.5882,47.04,6.2,16.950001,4580.27002,388.36,56.4,1930.670044,53,208,0.0325,-0.00016
8/31/2014,16999.11367,559.6517,52.38,6.1,12.09,4493.390137,391.3,58.1,2003.369995,55,207,0.0325,0.018782
9/30/2014,17064.616,560.0729,77.42,5.9,16.309999,4630.740234,389.86,56.1,1972.290039,59,206.4,0.0325,-0.010631
10/31/2014,17090.15567,558.6658,60.43,5.7,14.03,4791.629883,390.51,57.9,2018.050049,54,203.4,0.0325,0.013129
11/30/2014,17115.69533,555.6493,45.28,5.8,13.33,4736.049805,391.8,57.6,2067.560059,58,200.9,0.0325,0.014195
12/31/2014,17141.235,552.4988,72.99,5.6,19.200001,4635.240234,388.57,55.1,2058.899902,58,197,0.0325,0.001414
1/31/2015,17187.70567,549.8987,23.26,5.7,20.969999,4963.529785,385.65,53.5,1994.98999,57,192,0.0325,0.042437
2/28/2015,17234.17633,552.287,28.75,5.5,13.34,4900.879883,385.16,52.9,2104.5,55,191.1,0.0325,-0.025087
3/31/2015,17280.647,555.5741,27.61,5.4,15.29,4941.419922,391.42,51.5,2067.889893,52,191.5,0.0325,0.008165
4/30/2015,17314.05633,556.7034,46.38,5.4,14.55,5070.029785,391.36,51.5,2085.51001,56,190.9,0.0325,-0.007956
5/31/2015,17347.46567,559.5411,63.48,5.6,13.84,4986.870117,394.72,52.8,2107.389893,54,193.4,0.0325,-0.003817
6/30/2015,17380.875,561.5011,62.48,5.3,18.23,5128.279785,395.46,53.5,2063.110107,60,194.8,0.0325,-0.018369
7/31/2015,17399.61,561.5388,79.17,5.2,12.12,4776.509766,398.19,52.7,2103.840088,60,193.9,0.0325,0.015146
8/31/2015,17418.345,560.7435,98.17,5.1,28.43,4620.160156,398.1,51.1,1972.180054,61,191.9,0.0325,-0.001192
9/30/2015,17437.08,559.8705,69.07,5,24.5,5053.75,396.25,50.2,1920.030029,61,189.1,0.0325,0.017817
10/31/2015,17445.57967,559.6187,82.31,5,15.07,5108.669922,394.5,49.4,2079.360107,65,187.5,0.0325,-0.007517
11/30/2015,17454.07933,558.4376,102.76,5.1,16.129999,5007.410156,396.24,48.4,2080.409912,62,185.7,0.0325,-0.0035
12/31/2015,17462.579,556.5293,112.39,5,18.209999,4613.950195,397.05,48,2043.939941,60,183.5,0.0337,-0.003769
1/31/2016,17496.87433,557.4493,108.37,4.8,20.200001,4557.950195,394.75,48.2,1940.23999,61,182.6,0.035,0.02975
2/29/2016,17531.16967,557.9082,94.67,4.9,20.549999,4869.850098,398.1,49.7,1932.22998,58,181.3,0.035,0.016709
3/31/2016,17565.465,560.3105,48.37,5,13.95,4775.359863,396.91,51.7,2059.73999,58,182.1,0.035,-0.001442
4/30/2016,17583.17033,562.967,49.06,5.1,15.7,4948.049805,398.19,50.7,2065.300049,58,183.2,0.035,-0.004458
5/31/2016,17600.87567,565.2446,57.54,4.8,14.19,4842.669922,400.14,51,2096.949951,58,185.3,0.035,0.001216
6/30/2016,17618.581,567.1011,82.72,4.9,15.63,5162.129883,404.76,52.8,2098.860107,60,187.6,0.035,0.033345
7/31/2016,17653.88367,566.1835,60.78,4.8,11.87,5213.220215,403.73,52.3,2173.600098,58,187.7,0.035,0.003269
8/31/2016,17689.18633,566.7034,40.95,4.9,13.42,5312,403.97,49.4,2170.949951,59,186.6,0.035,-0.00794
9/30/2016,17724.489,568.0658,78.52,5,13.29,5189.140137,405.96,51.7,2168.27002,65,186.9,0.035,-0.001325
10/31/2016,17753.846,568.774,20.37,4.9,17.059999,5323.680176,407.4,52,2126.149902,63,186.7,0.035,-0.015542
11/30/2016,17783.203,567.8893,25.72,4.7,13.33,5383.120117,406.06,53.5,2198.810059,63,186.3,0.035,-0.040878
12/31/2016,17812.56,568.0752,27.7,4.7,14.04,5614.790039,412.61,54.5,2238.830078,69,188.2,0.0364,-0.003537
1/31/2017,17840.581,571.3858,48.98,4.7,11.99,5825.439941,416.08,56,2278.870117,67,190.7,0.0375,0.002167
2/28/2017,17868.602,573.1834,58.1,4.6,12.92,5911.740234,415.5,57.6,2363.639893,65,191.6,0.0375,0.007423
3/31/2017,17896.623,573.6494,59.03,4.4,12.37,6047.609863,414.62,56.6,2362.719971,71,191.5,0.0388,0.002424
4/30/2017,17930.016,575.3505,90.63,4.4,10.82,6198.52002,416.89,55.3,2384.199951,68,193,0.04,0.011063
5/31/2017,17963.409,575.8423,65.32,4.4,10.41,6140.419922,414.54,55.5,2411.800049,69,192.8,0.04,0.007856
6/30/2017,17996.802,576.3646,75.2,4.3,11.18,6348.120117,416.5,56.7,2423.409912,66,193.6,0.0413,-0.001307
7/31/2017,18039.94333,575.967,83.15,4.3,10.26,6428.660156,416.74,56.5,2470.300049,64,193.5,0.0425,-0.000007
8/31/2017,18083.08467,577.6917,109.56,4.4,10.59,6495.959961,417.18,59.3,2471.649902,67,193.8,0.0425,0.017123
9/30/2017,18126.226,580.7505,108.7,4.3,9.51,6727.669922,426.5,60.2,2519.360107,64,194.8,0.0425,-0.017151
10/31/2017,18183.04567,580.3835,108.84,4.2,10.18,6873.970215,426.93,58.5,2575.26001,68,194.9,0.0425,-0.001133
11/30/2017,18239.86533,580.3976,85.86,4.2,11.28,6903.390137,431.16,58.2,2647.580078,69,195.9,0.0425,-0.002607
12/31/2017,18296.685,580.0564,49.56,4.1,11.04,7411.47998,433.28,59.3,2673.610107,74,196.3,0.044,0.002222
1/31/2018,18343.21067,583.2164,48.3,4,13.54,7273.009766,432.15,59.1,2823.810059,72,197.9,0.045,-0.023598
2/28/2018,18389.73633,585.8611,61.37,4.1,19.85,7063.450195,434.11,60.7,2713.830078,71,199.3,0.045,-0.013002
3/31/2018,18436.262,587.1858,75.47,4,19.969999,7066.27002,433.23,59.3,2640.870117,70,199.3,0.0458,0.012783
4/30/2018,18487.50933,589.5199,60.23,4,15.93,7442.120117,435.61,57.9,2648.050049,68,200.3,0.0475,-0.015476
5/31/2018,18538.75667,591.9717,37.46,3.8,15.43,7510.299805,440,58.7,2705.27002,70,203.2,0.0475,0.009592
6/30/2018,18590.004,592.9152,84.38,4,16.09,7671.790039,438.19,60,2718.370117,68,204.2,0.0489,0.00226
7/31/2018,18619.869,592.9552,19.14,3.8,12.83,8109.540039,440.7,58.4,2816.290039,68,204.3,0.05,-0.005108
8/31/2018,18649.734,593.2846,25.16,3.8,12.86,8046.350098,439.28,60.8,2901.52002,67,203.4,0.05,0.010064
9/30/2018,18679.599,593.974,28.45,3.7,12.12,7305.899902,438.98,59.5,2913.97998,67,203.6,0.0503,-0.014807
10/31/2018,18693.493,595.0235,45.51,3.8,21.23,7330.540039,444.04,57.5,2711.73999,68,204.6,0.0525,-0.004347
11/30/2018,18707.387,593.0305,55.05,3.8,18.07,6635.279785,445.24,58.8,2760.169922,60,202.3,0.0525,0.014917
12/31/2018,18721.281,591.1364,64.26,3.9,25.42,7281.740234,434.8,54.3,2506.850098,56,201,0.0535,0.028561
1/31/2019,18758.58567,592.2635,88.26,4,16.57,7532.529785,440.75,56.6,2704.100098,58,199.1,0.055,0.007138
2/28/2019,18795.89033,594.767,53.49,3.8,14.78,7729.319824,440,54.1,2784.48999,62,199.2,0.055,-0.004272
3/31/2019,18833.195,598.1223,78.47,3.8,13.71,8095.390137,447.17,54.6,2834.399902,62,200.8,0.055,0.029419
4/30/2019,18882.97267,601.2893,85.92,3.6,13.12,7453.149902,448.71,53.4,2945.830078,63,202.1,0.055,-0.006214
5/31/2019,18932.75033,602.5693,110.52,3.6,18.709999,8006.240234,449.55,52.3,2752.060059,66,201.7,0.055,0.031854
6/30/2019,18982.528,602.6893,111.23,3.6,15.08,8175.419922,450.93,51.6,2941.76001,64,200.3,0.055,0.012073
7/31/2019,19025.903,603.6964,109.69,3.7,16.120001,7962.879883,454.01,51.3,2980.379883,65,200.7,0.055,0.003435
8/31/2019,19069.278,603.6658,70.15,3.7,18.98,7999.339844,456.5,48.8,2926.459961,67,199.2,0.0525,0.040344
9/30/2019,19112.653,604.1387,44.61,3.5,16.24,8292.360352,452.85,48.2,2976.73999,68,198.4,0.0515,-0.013852
10/31/2019,19142.53867,605.5199,50.47,3.6,13.22,8665.469727,455.49,48.5,3037.560059,71,198.6,0.0499,-0.000742
11/30/2019,19172.42433,605.1952,63.57,3.6,12.62,8972.599609,457.66,48.1,3140.97998,71,199,0.0475,-0.00741
12/31/2019,19202.31,604.6446,58.71,3.6,13.78,9150.94043,458.06,47.8,3230.780029,76,199,0.0475,-0.011292
1/31/2020,19118.87067,606.9905,62.43,3.5,18.84,8567.370117,460.59,50.9,3225.52002,75,199.3,0.0475,0.039182
2/29/2020,19035.43133,608.654,47.59,3.5,40.110001,7700.100098,459.61,50.3,2954.219971,74,196.7,0.0475,0.029902
3/31/2020,18951.992,607.3293,70.57,4.4,53.540001,8889.549805,434.28,49.7,2584.590088,72,193.1,0.0378,0.039709
4/30/2020,18387.39633,603.2682,19.9,14.7,34.150002,9489.870117,379.89,41.7,2912.429932,30,185.5,0.0325,0.005024
5/31/2020,17822.80067,603.2799,28.66,13.2,27.51,10058.76953,444.63,43.1,3044.310059,37,188.6,0.0325,0.000713
6/30/2020,17258.205,606.5811,30.17,11,30.43,10745.26953,475.72,52.2,3100.290039,58,191.2,0.0325,0.000388
7/31/2020,17692.39467,609.6493,40.46,10.2,24.459999,11775.45996,481.3,53.7,3271.120117,72,193,0.0325,0.012821
8/31/2020,18126.58433,611.5717,58.98,8.4,26.41,11167.50977,483.42,55.6,3500.310059,78,194.3,0.0325,-0.014709
9/30/2020,18560.774,612.4234,60.86,7.9,26.370001,10911.58984,493.41,55.7,3363,83,195.5,0.0325,0.00256
10/31/2020,18629.77533,612.6776,93.85,6.9,38.02,12198.74023,492.94,58.8,3269.959961,85,196.5,0.0325,-0.01731
11/30/2020,18698.77667,612.3034,45.59,6.7,20.57,12888.28027,487.02,57.7,3621.629883,90,198.3,0.0325,0.004016
12/31/2020,18767.778,612.8799,77.93,6.7,22.75,13070.69043,485.54,60.5,3756.070068,86,200.5,0.0325,-0.004965
1/31/2021,18863.737,615.487,94.75,6.4,33.09,13192.34961,518.52,58.7,3714.23999,83,204.8,0.0325,-0.010713
2/28/2021,18959.696,618.8564,107.38,6.2,27.950001,13246.87012,504.46,60.9,3811.149902,84,210.6,0.0325,-0.025385
3/31/2021,19055.655,623.2399,111.11,6,19.4,13962.67969,559.87,63.7,3972.889893,82,215,0.0325,-0.029342
4/30/2021,19159.87333,628.3623,110.8,6,18.610001,13748.74023,562.27,60.6,4181.169922,83,217.9,0.0325,0.011851
5/31/2021,19264.09167,633.3999,57.33,5.8,16.76,14503.9502,550.78,61.6,4204.109863,83,224.9,0.0325,0.003441
6/30/2021,19368.31,639.2846,37.28,5.9,15.83,14672.67969,554.39,60.9,4297.5,81,228.9,0.0325,0.014084
7/31/2021,19405.171,642.3599,56.82,5.4,18.24,15259.24023,543.19,59.9,4395.259766,80,231.85,0.0325,0.023829
8/31/2021,19442.032,643.687,66.87,5.2,16.48,14448.58008,550.29,59.7,4522.680176,75,233.415,0.0325,-0.004837
9/30/2021,19478.893,645.4352,53.8,4.7,23.139999,15498.38965,554.23,60.5,4307.540039,76,235.678,0.0325,-0.015425
10/31/2021,19589.45267,650.7975,66,4.6,16.26,15537.69043,565.39,60.8,4605.379883,80,240.444,0.0325,-0.004896
11/30/2021,19700.01233,653.9952,51.8,4.2,27.190001,15644.96973,569.56,60.6,4567,83,243.258,0.0325,0.012455
12/31/2021,19810.572,656.0046,77.78,3.9,17.219999,14239.87988,553.62,58.8,4766.180176,84,241.197,0.0325,-0.00475
